trafikplatsnamn;signatur;northing;easting;lat;long;bandel
Vinnö;Vnö;6212160;443229;56.05127;14.08851;951
Triabo;xTib;6343896;532324;57.237;15.53552;001
Totebo;xTob;6387910;570520;57.628;16.18086;001
Lundsbrunn;xLnb;6482307;409188;58.47194;13.44303;001
Vika;Vka;6756840;470730;60.94553;14.45974;361
Gyttorp;xGyt;6595915;498371;59.50166;14.97123;001
Åtorp;xÅtp;6484437;306552;58.45766;11.68403;001
Delsbo;xDo;6852631;581996;61.79776;16.5553;001
Vitaby kyrka;xVtk;6172351;447616;55.69412;14.16664;001
Skara;wSa;6472423;408836;58.38313;13.44093;001
Brågarp;Båp;6168551;388404;55.64999;13.22658;964
Roma kungsgård;xRok;6379768;707751;57.51271;18.46862;001
Saltsjö-Järla;xSjl;6578457;679280;59.30683;18.14932;473
Hagalund;Hgl;6585403;670780;59.37264;18.00575;402
Gräfsnäs;xGr;6440445;352010;58.08069;12.49032;001
Murbergsviken;Mbv;6950433;649989;62.6539;17.92728;237
Svartbäcken Nedre;xSvb;6749585;575161;60.87435;16.38427;001
Järle;xJ;6591754;508570;59.46422;15.15122;001
Hyltebruk;Hyb;6318575;392878;56.99826;13.23659;735
Virserum;xVsm;6353271;534778;57.32104;15.57748;001
Lappträsk;Lpk;7349821;884937;66.03332;23.51342;136
Stora Mon;xSm;6593747;504834;59.48217;15.08533;001
Ravlunda bränneri;xRaä;6173870;446736;55.70767;14.15235;001
Flaten;xFla;6358251;540420;57.3653;15.67197;001
Piteå;Ptå;7259420;801165;65.31841;21.4725;141
Kvarnabo;xQo;6437725;351011;58.05595;12.47513;001
Hösjömo;xHöo;6334454;453316;57.15095;14.22838;001
Forsa;xFsa;6846136;602779;61.73445;16.94558;001
Ankarsrum;xAkm;6396066;579560;57.69975;16.33488;001
Roma;xRa;6379203;707072;57.50796;18.45682;001
Mariefred;xMfd;6570973;626503;59.25877;17.21881;001
Lilla Edet;Let;6445466;331432;58.11838;12.13822;666
Kambshagtorp;xKht;6380700;709717;57.52017;18.50217;001
Pölsebo;Pöb;6399482;315215;57.69948;11.89912;603
Torpa;xTp;6590352;509642;59.4516;15.17005;001
Brösarp;xBöp;6176938;445079;55.73504;14.12537;001
Munkedals hamn;Mklh;6482300;306163;58.43832;11.67918;001
Korsberga;Kba;6351184;507367;57.30356;15.12227;829
Hudiksvall (xHkl);xHkl;6842961;610169;61.70392;17.08343;001
Gårdveda;xGåv;6360188;545377;57.38223;15.75474;001
Vena;xVen;6376190;558052;57.52452;15.96931;001
Nora stad;xN;6597537;502376;59.51623;15.04199;001
Stensjön;xSn;6333642;451699;57.1435;14.2018;001
Tallås Grusgropsväxel;wTås;6749353;576120;60.87208;16.40184;001
Virestad;xVir;6158008;450080;55.5655;14.20844;001
Mosstorp;xMop;6349642;532261;57.28863;15.53521;001
Pershyttevägen;xPgn;6596474;500946;59.50668;15.01671;001
Faxån;Fax;7024837;463084;63.35035;14.26232;221
f.d. Köpingebro;zKöp;6146198;432724;55.45732;13.93614;969
Hultsfred smalspår (xHfp);xHfp;6371911;550769;57.48697;15.84683;001
Pallanite;xPte;6747253;578435;60.85279;16.4436;001
Skuckuviken;Sui;6963307;474173;62.7991;14.49358;001
Munkedals nedre;Mkln;6485295;306275;58.46523;11.67857;001
Brobacka;xBb;6429121;348286;57.97781;12.43453;001
Aska;xAsk;6479281;498727;58.45421;14.97819;001
Forsmöllan;xFmö;6220621;386940;56.11726;13.18157;001
Lysekil;Lys;6464930;291335;58.27579;11.44143;623
Vitaby;xVty;6171294;446911;55.68454;14.15563;001
Hesselby;xHy;6383493;711310;57.54447;18.53113;001
Lilla Mon;xLm;6592974;506997;59.4752;15.12349;001
Fiskåsen;xFie;6354812;628033;57.31825;17.126;001
Ekebohult;xEkh;6338818;458082;57.19062;14.3064;001
Impregneringen;xIpr;6338874;459018;57.1912;14.32189;001
Tappudden;Tpu;6781604;506170;61.16888;15.11469;001
Vilan;Viln;6472737;409710;58.38613;13.45575;001
Pershyttan;xPh;6595132;500394;59.49463;15.00696;001
Gimarpsby;xGby;6336076;455312;57.16572;14.26106;001
Tomtskog;xTog;6356492;627987;57.33334;17.12611;001
Göteborg Volvo;Gvo;6401858;310827;57.71897;11.82375;001
Bläse kalkbruk;xBäu;6423450;727577;57.89469;18.84009;001
Holmsund;Hod;7075713;765156;63.70876;20.37007;147
Åkers styckebruk;Åks;6569982;619531;59.25191;17.09608;453
Persberg;Pbg;6623777;457195;59.74965;14.23832;364
Tuna;xTna;6382144;566010;57.57691;16.10379;001
Mönsterås bruk;Msb;6327886;593147;57.0849;16.53691;001
Hjorted;xHjt;6391842;574205;57.66273;16.24376;001
Myråsen;xMyå;6479132;408866;58.44337;13.43878;001
Hultarp;xHap;6355767;536770;57.3433;15.61093;001
Hultsfreds Hembygdspark;xHfh;6372950;551673;57.49619;15.86214;001
Tveta;xTve;6475759;408330;58.41298;13.43094;001
Stugsund;Stu;6798595;613063;61.30507;17.11097;236
Nygårds Stall Dalhem;xNys;6381764;710312;57.52942;18.513;001
Aga;wAga;6583065;679158;59.3482;18.15101;011
Finkelboda;xFia;6748040;577840;60.85996;16.43296;001
Kopperå;xKpr;7027964;351674;63.34953;12.03542;001
Skogsmark;xSmk;6480235;408978;58.4533;13.44026;001
Löth;xL;6588399;512635;59.43398;15.22273;001
Eken;xEkn;6382968;710900;57.53994;18.52384;001
Hultanäs;xHäs;6341414;526498;57.21509;15.43873;001
Sjövägen;xSjv;6332330;450068;57.13153;14.17511;001
Tule grusgrop;xTeg;6381352;710110;57.52582;18.50929;001
Sissehult;wSsu;6339841;523498;57.20112;15.38891;001
Milletorp;Mip;6344044;511066;57.23934;15.18335;829
Storängen;xStä;6578400;680914;59.30562;18.17792;473
Munkebos;xMus;6382511;710677;57.53595;18.51972;001
Arelid;xArl;6433971;350317;58.02203;12.46577;001
Åbo;xÅbo;6746778;578958;60.84842;16.45302;001
Ösjöbol;Öbl;6338858;515052;57.19264;15.24907;829
Lundsbrunn kurort;wLnb;6482910;409305;58.47738;13.44479;001
Rågön;Råö;7028675;708903;63.32565;19.17297;173
Bor Norra;xBn;6330643;449750;57.11635;14.17021;001
Tule;xTe;6381063;709969;57.5233;18.50668;001
Elgaryd;xEyd;6337529;456356;57.17888;14.27808;001
Jädraås;xJås;6746060;579835;60.8418;16.46886;001
Gnötteln;xGnl;6375632;553708;57.52005;15.89668;001
Fliskär;Fär;6729962;622648;60.68646;17.24586;302
Dala kvarn;xDkn;6481415;409098;58.46391;13.44184;001
Foodia;Foo;6166422;385757;55.63025;13.18542;964
Dirhuvden;xDir;6431725;349339;58.00154;12.45066;001
Ohs Bruk;xOhs;6339055;459574;57.19288;14.33105;001
Långsjön;xLåö;6395714;577217;57.69699;16.29547;001
Tallås;xTås;6749068;576539;60.86945;16.40943;001
Länninge;xLäe;6355285;628342;57.3224;17.13137;001
Anten;xA;6430239;348710;57.98799;12.44098;001
Vitåfors;Vtå;7464338;747229;67.19344;20.72217;008
Källarhalsen;xKh;6594592;503708;59.48976;15.06547;001
S:t Olof;xSoo;6165840;445458;55.63538;14.13361;001
Målilla Sanatorium;xMsa;6360899;546795;57.38848;15.77845;001
Ravlundabro;xRav;6174043;446527;55.7092;14.14899;001
Hybo;xHbo;6852094;562879;61.79656;16.19261;001
Brösarp södra;xBös;6176588;445119;55.7319;14.12607;001
Vadstena;xVst;6478182;493237;58.44429;14.88414;001
Östra Vemmerlöv;xÖvl;6160297;451359;55.5862;14.22831;001
Gyllebosjö;xGyb;6161569;450306;55.59753;14.21137;001
Scoutstugan;xScs;6166468;445402;55.64101;14.13258;001
Jenny;Jy;6403335;593921;57.76224;16.57858;001
Grycksbo;Gyo;6728065;526236;60.6874;15.48038;334
Skoghall;Skog;6577786;411981;59.32969;13.45306;395
Hanaskog;Hsk;6224043;443696;56.15807;14.09351;001
Ervalla NBVJ;xErn;6587551;514054;59.42633;15.24769;001
Botorp;Bop;6575450;469337;59.31678;14.46132;001
Nybybruk;Nbr;6588118;582803;59.4235;16.45928;001
Sandudden;xSdu;6851098;589756;61.78226;16.70165;001
Näsviken;xNv;6848446;598740;61.75625;16.87042;001
Fagerrör;xFgr;6354163;627161;57.31266;17.11118;001
Gula huset;Ghu;6585701;670683;59.37535;18.00427;401
Bläse kalkbrott;xBäo;6424461;728577;57.90325;18.85789;001
Smålands Burseryd;Smu;6341090;396417;57.20124;13.28549;742
Älvstorp;xÄp;6596976;501973;59.51119;15.03486;001
Nyland;Nld;6989226;639825;63.00569;17.76163;238
Fagersand;xFsd;6395550;576860;57.69558;16.28943;001
Gimarp;xGim;6337010;455935;57.17418;14.2712;001
Älandsbro;Äsb;6952220;645546;62.6717;17.84223;237
Långbacka;xLba;6852896;576524;61.80127;16.45165;001
Fredriksfors;xFos;6851373;585460;61.7857;16.62036;001
Trollskogen;xTsk;6357392;627607;57.34152;17.12026;001
Valstad;xVas;6400225;588346;57.73545;16.48377;001
Spångenäs;xSpä;6384613;565693;57.59913;16.09916;001
Fårhult;xFåt;6400396;584545;57.73771;16.42001;001
Åby godsbangård;Åbyg;6501537;569428;58.64854;16.19632;509
Alléparken;wAll;6580466;669202;59.329;17.97414;012
Åhus;Åhus;6198236;456315;55.92754;14.30085;952
Högberga;wHöb;6582742;681605;59.34425;18.19369;011
Höglandstorget;wHlt;6579812;667227;59.32392;17.93898;012
Nockeby torg;wNot;6580352;666598;59.32902;17.92835;012
Sävenäs rangerbangård;Sär;6402470;324185;57.72988;12.04722;602
Ålstensgatan;wÅls;6579802;668225;59.32344;17.95647;012
Gåshaga brygga;wGåb;6584259;683780;59.35692;18.23317;011
Norrsundet;Ndt;6757173;616176;60.93254;17.14372;239
Nockeby;wNob;6580304;666055;59.32879;17.91879;012
Gåshaga;wGåh;6584223;683472;59.35673;18.22773;011
Ålstens Gård;wÅlG;6579489;668001;59.32072;17.95231;012
Alvik;wAlv;6580976;669660;59.33339;17.98259;012
Käppala;wKäp;6583748;682940;59.3527;18.21797;011
Karungi;Kri;7353162;904689;66.03836;23.95439;136
Traryd;Trd;6271256;423379;56.57933;13.75271;001
Baggeby;wBag;6583989;678119;59.35693;18.13352;011
Kottla;wKoa;6582723;680835;59.34442;18.18016;011
Olovslund;wOll;6580244;667000;59.32789;17.93532;012
Åseda (xÅa);xÅa;6336087;521055;57.16752;15.34817;001
Larsberg;wLab;6583289;678897;59.35032;18.14661;011
Smedslätten;wSms;6579539;668683;59.3209;17.9643;012
Nacka;xNka;6578372;678193;59.30653;18.13019;473
Bodal;wBod;6583690;678388;59.35413;18.138;011
Gävle godsbangård;Gäb;6729970;617385;60.68812;17.14957;303
Brevik;wBvi;6583228;682139;59.34839;18.20348;011
Åseda;Åa;6336089;521073;57.16754;15.34846;829
Vitvattnet;Vtv;7350853;870398;66.0598;23.19892;136
Gamla Tortuna;Gttu;6616293;596737;59.67342;16.71757;456
Ropsten;wRos;6584054;676434;59.35822;18.10399;011
Hallsberg Posten;Hpn;6546334;502931;59.05641;15.05111;002
Filipstad;Fid;6619212;452696;59.70818;14.15929;364
Skärsätra;wSkr;6582576;680263;59.34334;18.17;011
Torsvik;wTov;6584564;677152;59.36249;18.11701;011
Strömsnäsbruk;Sbu;6268028;422088;56.55011;13.73266;752
Timsfors;Tim;6260914;414484;56.4849;13.61135;752
Göteborg Skandiahamnen;Gsh;6399466;312449;57.69819;11.8528;603
Tunadal;Tud;6921757;623337;62.40662;17.38704;001
Faringe;xF;6646583;674116;59.91985;18.11485;001
Klövervägen;wKlv;6580001;669202;59.32484;17.97378;012
Sege;Sege;6165131;379372;55.61712;13.08463;964
Svappavaara;Svv;7516945;754409;67.65679;21.00474;007
Järnforsen;Jäf;6363119;537669;57.40927;15.62699;872
Pauliström;Plm;6369554;530691;57.4676;15.51166;001
Staffanstorp;Saf;6167791;387688;55.643;13.21551;964
Ånge godsbangård;Åggb;6932866;533116;62.5253;15.64337;213
Tomteboda bangård;Tm;6582396;671787;59.34526;18.02104;403
Norra bantorget;Nbt;6581461;673143;59.33633;18.04411;401
Salsta;Sas;6659740;651940;60.04663;17.72838;434
Strångsjö;Stö;6530223;569015;58.90618;16.19803;422
Tjörnarp;Tö;6207080;414632;56.00139;13.63113;910
Pålsboda;På;6547215;519510;59.06388;15.34022;416
Vislanda;Vs;6293997;466794;56.78869;14.45645;814
Ulvstorp;Utp;6370532;481366;57.47703;14.68926;813
Stockaryd;Sy;6351939;475412;57.30973;14.59186;813
Sköldinge;Sde;6544326;583464;59.03023;16.45411;414
Nol;Nol;6423345;325901;57.91781;12.0608;634
Olskroken;Or;6401326;321248;57.71847;11.99883;601
Lindome;Ldo;6385269;325322;57.57602;12.07874;626
Vega;Vga;6565072;679148;59.18687;18.13595;476
Kilsmo;Km;6547488;530720;59.06568;15.53572;416
Bro Nygård;Brny;6598514;651268;59.4977;17.67206;444
Dingtuna;Dt;6604520;578515;59.57157;16.38979;349
Stångby;Stb;6179702;386978;55.7498;13.19932;912
Sommen;Smn;6444942;498721;58.14579;14.97828;811
Täby kyrkby;xTäb;6598959;673606;59.49305;18.06638;425
Mosselund;Mud;6230697;428705;56.21584;13.85042;815
Varberg;Vb;6332985;333360;57.10994;12.2483;627
Osby;O;6248963;437981;56.38123;13.99566;815
Herrljunga västra;Hrv;6437993;379931;58.06712;12.96469;611
Alingsås;A;6423216;353981;57.92673;12.53438;612
Hallsbergs rangerbangård;Hrbg;6546524;503358;59.05811;15.05854;419
Laholm västra;Laov;6263813;376857;56.5026;12.99934;628
Frinnaryd;Frd;6421859;489498;57.93834;14.82264;811
Kistinge;Kst;6279098;372064;56.63856;12.91398;630
Halmstads central;Hd;6282650;369158;56.66964;12.86483;630
Nödinge;Nöe;6420587;324728;57.89262;12.04306;634
Tobo;Tbo;6683170;645730;60.25905;17.63377;434
Söderby;Södy;6565260;659548;59.19637;17.7935;410
Kolbäck;Kbä;6603530;569692;59.56424;16.23332;349
Aspedalen;Asd;6405560;336902;57.76241;12.25841;612
Frillesås;Få;6356399;329562;57.31862;12.16962;627
Aspen;Apn;6404715;335804;57.75442;12.24056;612
Norrköpings central;Nr;6495704;568684;58.59629;16.18174;504
Laxå;Lå;6538883;477852;58.98892;14.61463;511
Tierp;Tip;6692567;638686;60.3458;17.51308;434
Tunneby;Tun;6257393;443469;56.45765;14.0827;815
Roslags Näsby;xRnb;6592525;673426;59.43543;18.058;425
Dånviken;Dån;6564359;655068;59.18994;17.71452;410
Njurundabommen;Njb;6906210;623410;62.26717;17.3774;235
Viarp;Vip;6245309;364451;56.33307;12.80751;628
Löcknamon;Lmo;6530409;504103;58.91338;15.07123;522
Boxholm;Bx;6450179;503151;58.19282;15.05359;811
Örebro central;Ör;6571048;512021;59.27819;15.21093;527
Rörvik;Rk;6343082;474815;57.23015;14.58284;813
Hemfosa;Hfa;6551501;670636;59.06867;17.97661;477
Dammstorp;Dat;6185361;392378;55.80186;13.28308;912
Moradal;Mdl;6937112;528154;62.56382;15.54768;212
Hallsbergs personbangård;Hpbg;6547530;506377;59.06711;15.11121;419
Sävsjö;Sä;6362279;479902;57.40284;14.66553;813
Stockholms östra;xÖst;6582725;674539;59.34708;18.06964;425
Stocksund;xSsu;6586852;672877;59.38478;18.04376;425
Källeryd;Kä;6442899;393571;58.11465;13.19354;611
Utsikten;Uts;6566258;665386;59.20308;17.89633;410
Bensjöbacken;Bsb;6952644;523244;62.70356;15.4543;212
Triangeln;Tri;6162557;374013;55.59264;13.00076;960
Märsta;Mr;6613427;661369;59.62769;17.86157;433
Åby södra;Åbs;6502738;568474;58.65948;16.18024;505
Mellansjö;Msö;6908662;535373;62.30785;15.68226;215
Tungelsta;Ts;6555482;674461;59.10282;18.04639;477
Skutskär;Sur;6723593;631549;60.62651;17.40441;434
Hässleholm;Hm;6224337;423179;56.15785;13.76317;909
Kattarp;Ka;6224425;361961;56.14486;12.77817;920
Norrhög;Ng;6901008;534210;62.23926;15.65832;215
Rydbo;xRdb;6596200;680409;59.46543;18.18402;427
Hästveda;Hv;6238707;434060;56.28857;13.93475;815
Eslöv;E;6189309;393869;55.83765;13.30531;912
Skänninge;Skn;6472430;505410;58.39264;15.09255;522
Lund c;Lu;6175002;386050;55.70738;13.18651;912
Bodafors;Bdf;6373765;481710;57.50609;14.69476;813
Eldsberga;Ea;6273645;377060;56.59093;12.99798;627
Arninge;xAre;6595330;678036;59.45865;18.14147;427
Lindekullen;Lkn;6457139;505633;58.25531;15.09598;811
Biskopstorp;Btp;6291562;369073;56.74962;12.85891;627
Bränninge;Bre;6558670;650757;59.14047;17.63523;412
Floby;Fby;6445410;401956;58.13913;13.33474;611
Västerås central;Vå;6608740;587637;59.60763;16.55293;349
Partille;P;6403534;327541;57.74073;12.10275;601
Södertälje syd övre;Söö;6561242;651387;59.16331;17.64799;418
Tranås;Tns;6432947;498532;58.03805;14.97514;811
Skyttorp;Syt;6663412;652265;60.07944;17.73694;434
Tibble;xTbl;6593275;673655;59.44206;18.06264;425
Öreälv;Öä;7081292;713888;63.79359;19.34344;129
Mölndals nedre;Mdn;6394401;322122;57.65669;12.0186;626
Visinge;xVis;6595566;673582;59.46263;18.06321;425
Linköpings central;Lp;6475318;536477;58.4171;15.62439;502
Handen;Hnd;6562774;679150;59.16626;18.13409;476
Furet;Fur;6284283;370668;56.68472;12.88863;630
Högsjö;Hgö;6545852;541468;59.05007;15.72284;416
Valskog;Vsg;6589657;553853;59.44202;15.94957;350
Alvesta;Av;6306159;473001;56.89836;14.55677;814
Floda;Fd;6410613;343239;57.81001;12.36151;612
Örbyhus;Öh;6680022;649720;60.22936;17.70347;434
Vingåker;Vr;6545070;550295;59.04211;15.87651;416
Åkers Runö;xÅru;6598126;685211;59.48062;18.27027;427
Stenkumla;Skm;6535755;502504;58.9614;15.04354;522
Degerön;D;6506826;508797;58.70151;15.15181;522
Stehag;Sg;6196151;399542;55.90031;13.39333;912
Brista;Bra;6611469;661773;59.60998;17.86724;433
Eskilstuna central;Et;6582153;585561;59.3694;16.50549;450
Döljebro;Döl;6763298;591246;60.99403;16.68688;218
Vallentuna;xVlt;6603577;674171;59.53422;18.08014;425
Sparreholm;Sp;6549930;604820;59.07582;16.82864;414
Finnerödja;Fa;6531961;467922;58.92614;14.44286;512
Ramsjö;Rsö;6892181;535238;62.15994;15.67633;216
Lundby;Lub;6614525;608633;59.65461;16.92774;444
Skövde central;Sk;6472609;432879;58.38914;13.85195;512
Moheda;Mo;6317810;474282;57.0031;14.57661;813
Bollnäs;Bn;6802514;574439;61.34953;16.39171;217
Linddalen;Lln;6541345;486741;59.01141;14.76914;511
Härad;Häd;6581372;608767;59.35703;16.91319;451
Halmstads rangerbangård;Hdr;6281691;369568;56.66114;12.87201;630
Södertälje hamn;Söd;6562853;651311;59.1778;17.64779;410
Dösjebro;Dös;6188128;376766;55.82298;13.03292;938
Kragstalund;xKgl;6600889;674050;59.51016;18.0758;425
Häljarp;Häp;6192564;369343;55.86086;12.91237;938
Grevaryd;Grd;6334138;475124;57.14982;14.58885;813
Säby;Säy;6635468;651495;59.82909;17.70262;430
Toresta;Tot;6602295;645590;59.53364;17.57447;444
Svågertorp;Stp;6157519;373400;55.54725;12.99335;919
Åkersberga;xÅbg;6598038;686845;59.4791;18.29899;427
Skärpan;Säp;6688567;642283;60.30867;17.57536;434
Bålsta;Bål;6606184;643035;59.5694;17.53195;444
Älmhult;Äh;6267619;446925;56.54991;14.1367;814
Gubbero;Gro;6400304;321169;57.70927;11.99826;601
Bro;Bro;6600052;648991;59.51232;17.63297;444
Västerhaninge;Vhe;6557881;677617;59.12303;18.10335;476
Falköpings central;F;6449194;414838;58.17577;13.55208;512
Jakobshyttan;Jho;6518721;509214;58.80833;15.1595;522
Täljö;xTäl;6597189;683268;59.47307;18.23523;427
Vimnarp;Vim;6396204;481694;57.70765;14.6928;811
Norsholm;Nh;6485566;556639;58.50698;15.97201;505
Sävedalen;Sel;6402756;325357;57.73291;12.06667;601
Kållered;Krd;6389172;323684;57.6104;12.04854;626
Hägernäs;xHgä;6594425;677122;59.45093;18.12464;427
Nykvarn;Nkv;6562480;638993;59.17866;17.43224;451
Mörby;xMöb;6587661;673029;59.39197;18.04709;425
Göteborg Central;G;6400326;319764;57.7089;11.97471;601
Tumba;Tu;6565712;662095;59.19946;17.83836;410
Förslöv;För;6247642;364111;56.35391;12.80082;628
Arboga;Arb;6584581;547741;59.39718;15.84068;350
Universitetet;xUnv;6584640;673420;59.36472;18.05153;425
Djursholms Ekeby;xDje;6590017;673523;59.4129;18.05767;425
Ekolsund;Eko;6610820;633720;59.61408;17.37016;444
Alby;Ay;6928878;524464;62.49017;15.47472;215
Lerum;Lr;6406218;337638;57.76858;12.27033;612
Ryssjöbrink;Ryb;6565717;633353;59.20951;17.33563;451
Gistad;Gi;6482341;553322;58.47844;15.91433;505
Samnan;Sam;6644543;648471;59.9116;17.65522;434
Jonsered östra;J;6404475;332911;57.75121;12.19217;612
Storvreta;Srv;6649644;651122;59.95638;17.7063;434
Slätte;Sle;6514097;453777;58.76442;14.20089;512
Copenhagen Airport;Cph;6167541;353498;55.63165;12.67285;990
Kungsbacka;Kb;6375759;324985;57.49058;12.07994;626
Huvudsta;Huv;6583400;670584;59.35476;18.00072;404
Algutsgården;Agg;6429980;361577;57.98986;12.65856;611
Ralingsås;Ras;6415040;488359;57.87706;14.80372;811
Ensta;xEsa;6594382;673665;59.45198;18.0637;425
Björnkulla;Bjn;6566412;667231;59.20374;17.92871;418
Djursholms Ösby;xDjö;6588422;673661;59.39854;18.05882;425
Kimstad;Kms;6488819;556409;58.53623;15.96887;505
Alvhem;Alh;6433557;332166;58.01183;12.15917;635
Stenåsen;Sån;6597065;406107;59.50147;13.34143;382
Folkesta;Fok;6585754;580300;59.40276;16.41431;450
Vikingstad;Vsd;6471486;525319;58.38347;15.43298;505
Hamra;Haa;6329329;337263;57.07853;12.31504;627
Örtofta;Ö;6182824;389786;55.77849;13.24277;912
Lingbo;Lb;6768945;590341;61.04492;16.67282;218
Klingerud;Kud;6595066;407146;59.48377;13.36066;382
Björnlunda;B;6549342;623544;59.06553;17.15471;414
Lekarekulle;Lek;6365680;328698;57.40157;12.14885;627
Fågelsta;Fgl;6480501;502106;58.46517;15.0361;522
Glumslöv;Glv;6201995;363497;55.94391;12.81429;938
Rydebäck;Ryä;6204477;361659;55.96567;12.78361;938
Diö norra;Diö;6277150;452221;56.63609;14.22107;814
Stenkullen;Sn;6408696;340380;57.7918;12.31472;612
Mölnbo;Mö;6547840;638729;59.04739;17.41834;414
Bryngenäs;Bgs;6420100;351091;57.89781;12.48759;612
Barkåkra;Baa;6240880;365385;56.29357;12.82489;628
Linghem;Lgm;6477554;545841;58.4363;15.78511;505
Östervärn;Övn;6164072;376121;55.60679;13.03352;901
Rönninge;Rön;6564839;657202;59.19347;17.75218;410
Orrskog;Os;6698870;632236;60.4045;17.40048;434
Helsingborgs godsbangård;Hbgb;6211085;358362;56.02404;12.72736;904
Kolke;Koe;6548663;627013;59.05842;17.21477;414
Brännarp;Bp;6296108;361219;56.78816;12.72811;627
Nyåker;Nyå;7078579;712569;63.77011;19.31303;129
Malmsjö;Msj;6560482;657983;59.1541;17.76267;418
Södertälje kanal;Söka;6563611;651057;59.18469;17.64388;410
Riksgräns Swe-Dk. ;Riks;6161437;361866;55.57929;12.80873;990
Moholm;Mh;6496707;444231;58.60714;14.04019;512
Farsta strand;Fas;6570532;677069;59.2367;18.10407;476
Frövi;Fv;6592172;520606;59.46755;15.3636;524
Mellby;Mlb;6215136;421402;56.07492;13.73729;910
Landskrona Östra;Lkö;6194705;365961;55.87915;12.85733;938
Örebro södra;Öb;6570128;511538;59.26994;15.20241;527
Västerås norra;Vån;6613045;589236;59.64594;16.58306;349
Älgarås;Äl;6519524;456991;58.8135;14.2554;512
Högdalen;Hön;6572665;673431;59.25733;18.04211;476
Ängelholm;Ä;6235598;366993;56.2466;12.85351;628
Nässjö central;N;6389921;481815;57.65122;14.6953;817
Bräcke;Bä;6957815;521329;62.75009;15.41752;212
Läggesta;Lg;6569629;623712;59.24754;17.16914;451
Malmö Persborg;Mpb;6161182;375778;55.58075;13.02937;901
Rosengård;Rog;6162094;375899;55.58897;13.03088;901
Ramlösa;Ram;6211084;358363;56.02403;12.72738;904
Krigslida;Kda;6556138;675442;59.1083;18.06401;477
Juån;Jå;6915446;529093;62.36928;15.56227;215
Gnesta;Gn;6547757;632675;59.04857;17.31286;414
Sävenäs;Säv;6401955;322855;57.72474;12.02531;601
Lödöse Södra;Les;6433903;332470;58.01504;12.16406;635
Ballingslöv;Bl;6230517;428594;56.21421;13.84867;815
Hörnsjö;Hsö;7082046;721945;63.79533;19.50755;129
Lernacken;Lnk;6159727;367940;55.56562;12.90582;919
Tälle;Täl;6545693;501208;59.05066;15.02106;419
Eneryda;Era;6285063;459573;56.70787;14.33967;814
Enköping;Ep;6613684;617734;59.6446;17.08864;444
Motala central;Mot;6488548;502819;58.53743;15.04841;522
Almedal;Am;6397485;321369;57.68406;12.00371;601
Peberholm;Phm;6163865;358115;55.60001;12.74802;990
Grillby;Gib;6612213;625985;59.62899;17.23402;444
Hovsta;Hsa;6578943;512435;59.34907;15.21867;524
Velanda södra;Veas;6456095;342911;58.21796;12.3257;635
Myrbacken;Myn;6620674;658022;59.69397;17.80773;430
Vårgårda;Vgå;6434276;370637;58.03115;12.80932;611
Baggetorp;Bt;6541611;561163;59.00962;16.06491;416
Agnesberg;Agb;6408246;322045;57.78085;12.00706;634
Liseberg;Lis;6399231;321016;57.69958;11.9965;601
Strängnäs;Sgs;6583044;615255;59.37032;17.02812;451
Ledsgård;Lgd;6379606;325962;57.52547;12.09347;626
Stenstorp;Ss;6459814;424490;58.27289;13.71268;512
Skogås;Skg;6568730;679985;59.21931;18.15359;476
Surte;Sue;6413092;322643;57.82456;12.0135;634
Järlebo;Jlo;6669542;652288;60.13442;17.74193;434
Östavall;Öv;6922097;524436;62.42931;15.47322;215
Varpemossen;Vpm;6446578;341335;58.13202;12.30536;635
Aleholm;Ahm;6361748;479770;57.39807;14.66338;813
Öxnered;Öx;6471923;340505;58.3591;12.27388;635
Aneby;Any;6410627;488832;57.83743;14.81191;811
Lammhult;Lh;6336585;474943;57.17179;14.58561;813
Båstad norra;Bån;6256006;370817;56.43089;12.90514;628
Heberg;He;6305779;356412;56.87351;12.64406;627
Gamlarp;Gmp;6393212;481326;57.68076;14.68685;811
Gåvetorp;Gåp;6311060;474406;56.94246;14.57933;813
Östansjö;Öj;6545135;498930;59.04565;14.98134;419
Blädinge;Bld;6299848;469759;56.84146;14.50429;814
Kungsbacka Hede;Khe;6378288;325336;57.5134;12.08397;626
Täby Centrum;xTäc;6593550;674332;59.44424;18.07478;427
Höör;Hö;6200099;409006;55.93765;13.5433;912
Mosås;Ms;6562091;509293;59.19782;15.16268;524
Bällsta;xBäl;6602276;673785;59.52271;18.07225;425
Sösdala;Söla;6210993;417874;56.03711;13.6819;910
Ekeby;Eby;6629783;654690;59.77692;17.75533;430
Vattholma;Vha;6657354;652179;60.02514;17.73091;434
Viggbyholm;xVbm;6594207;675994;59.44944;18.10458;427
Alväng;Aä;6582394;532161;59.37902;15.56602;354
Mantorp;Mt;6467488;516862;58.34797;15.28807;505
Älvängen;Än;6427651;329310;57.95775;12.11517;634
Killeberg;Kr;6259327;444485;56.47513;14.09877;815
Jordbro;Jbo;6560090;678847;59.14232;18.12661;476
Lidnäs;Lns;6325254;475759;57.07004;14.6002;813
Hyllie;Hie;6159312;372372;55.56307;12.97624;960
Stolpstugan;Spn;6542175;577158;59.0121;16.34352;414
Södertälje syd undre;Söu;6561242;651238;59.16336;17.6454;412
Uppsala central;U;6638540;648308;59.85781;17.64803;429
Norsesund;Ns;6416153;348053;57.86137;12.4389;612
Önaskogen;Öna;6497912;507038;58.62148;15.12118;522
Väring;Vä;6486126;439372;58.51148;13.95941;512
Östertälje;Öte;6563685;651879;59.18505;17.65829;410
Galoppfältet;xGpf;6593860;674882;59.4468;18.08473;427
Herrljunga central;Hrc;6439227;383297;58.0791;13.0211;611
Duvbo;Duo;6585005;666619;59.37074;17.93232;445
Västerås västra;Våv;6607343;585112;59.59562;16.50763;349
Falkenberg personstation;Fabp;6311192;348349;56.91953;12.50865;627
Kumla;Kla;6554257;508065;59.12749;15.14089;524
Stjärnhov;Sh;6551017;614912;59.08298;17.00516;414
Västra Bodarne;Vbd;6418987;350249;57.88754;12.4741;612
Tortuna;Ttu;6615901;596931;59.66985;16.72083;444
Saltsjö-Duvnäs;xSdn;6577893;682126;59.30055;18.19874;473
Flen;Fle;6547463;590934;59.05686;16.58548;414
Töreboda;T;6507489;449429;58.7046;14.12722;512
Enebyberg;xEnb;6591400;673098;59.42547;18.05131;425
Simonstorp;Smt;6516572;566886;58.78395;16.15699;422
Gunnesbo;Gnb;6177131;384953;55.72623;13.16816;940
Fosieby;Fsb;6159125;375853;55.5623;13.03149;901
Furuvik;Fvk;6726220;627360;60.65143;17.32964;434
Bråvallavägen;xBvv;6589186;673722;59.40536;18.06049;425
Ervalla;Er;6586510;514053;59.41698;15.2476;524
Åsa;Åsa;6361560;327706;57.36423;12.13525;627
Vätteryd;Väd;6209037;416156;56.01924;13.65494;910
Tyllered;Tye;6322276;341770;57.01681;12.39376;627
Älvkarleby;Äkb;6715745;633133;60.55558;17.42805;434
Torebo;Teo;6314581;345249;56.94892;12.45571;627
Gårdsjö;Gdö;6526003;461584;58.87212;14.3338;512
Kilafors;Kls;6789495;584316;61.23068;16.57043;218
Sundbyberg;Sub;6584004;668910;59.36085;17.9718;404
Flisby;Fls;6405088;488152;57.78767;14.80074;811
Nyckelsjön;Nsj;6551322;606964;59.08779;16.8667;414
Marma norra;Maa;6708615;633551;60.49148;17.43086;434
Falköpings norra;Fn;6450945;416109;58.19174;13.57305;512
Kungsängen;Kän;6596524;655930;59.47815;17.75285;445
Diö Södra;Dis;6276819;451797;56.63308;14.21421;814
Holmsveden;Hdn;6777341;592618;61.11974;16.71904;218
Göteborg Sävenäs;Gsv;6401968;322463;57.7247;12.01873;601
Jonsered västra;Jv;6404374;331806;57.74988;12.17371;612
Kävlinge;Kg;6184809;381597;55.79438;13.11143;940
Norsesund västra;Ndv;6415881;347748;57.85883;12.43395;612
Bohus;Bhs;6416233;322803;57.8528;12.01386;634
Anneberg;Ag;6381196;326449;57.53992;12.10045;626
Mehedeby;Meh;6704008;632060;60.45065;17.40069;434
Tornhill;Thl;6178411;386345;55.73806;13.18978;912
Rosersberg;Rs;6608648;662608;59.58435;17.87983;433
Bomansberget;Bom;6725999;622383;60.65099;17.23854;434
Katrineholms central;K;6540294;569476;58.99653;16.2092;420
Garnudden;Gau;6564869;658267;59.19335;17.77082;410
Trollhättan;Thn;6463905;341649;58.28759;12.2989;635
Hagaström;Hg;6727869;613016;60.67053;17.06841;315
Trångsund;Tåd;6569614;678630;59.22781;18.13064;476
Marma;Mrm;6707325;633056;60.48008;17.42099;434
Knivsta;Kn;6624124;656717;59.72541;17.78715;430
Regumatorp;Rmtp;6464642;429133;58.31701;13.79033;512
Ökna;Öa;6584955;541176;59.40123;15.72516;354
Vretstorp;Vt;6542459;492232;59.02154;14.86471;511
Skebokvarn;Skv;6548594;598495;59.06534;16.71776;414
Värö;Vrö;6347435;330786;57.23865;12.19606;627
Grimstorp;Gt;6379395;481881;57.55667;14.69719;813
Tullinge;Tul;6566572;665885;59.20571;17.90529;410
Fiskeby;Fi;6496625;565310;58.60507;16.12395;505
Mjölby;My;6464593;507728;58.32223;15.13193;810
Torbacken;Tbn;6439684;337377;58.06873;12.24302;635
Gripenberg;Gp;6428544;491992;57.99844;14.86454;811
Dysjön;Dy;6944246;526445;62.62798;15.51554;212
Ovansjö;Osö;6931934;530572;62.51715;15.59377;215
Årstaberg;Åbe;6577300;672387;59.29933;18.02751;401
Södertälje centrum;Söc;6564294;650153;59.19113;17.62855;413
Arlanda södra;Arns;6615367;664993;59.64367;17.92726;437
Flemingsberg;Flb;6568194;668245;59.21933;17.94782;410
Huddinge;Hu;6570088;669882;59.23566;17.97794;410
Järna;Jn;6553308;647115;59.09363;17.56802;412
Älvsjö;Äs;6574954;671555;59.27863;18.01106;401
Hjärup;Hjp;6170995;382428;55.67053;13.13062;912
Stockholms Södra;Sst;6579021;674359;59.31395;18.06347;401
Malmö central;M;6164461;374029;55.60975;13.00015;960
Stockholm City;Sci;6581009;674023;59.33191;18.05919;409
Stuvsta;Sta;6572247;670879;59.25462;17.99709;401
Solna;So;6584616;671073;59.36547;18.01027;401
Stockholm Odenplan;Sod;6582280;673207;59.34365;18.04589;409
Arlanda norra;Arnn;6616006;665068;59.64938;17.92909;437
Ulriksdal;Udl;6586188;670491;59.3798;18.00129;401
Tomteboda övre;Tmö;6583118;671483;59.35186;18.01628;401
Malmö godsbangård;Mgb;6165076;376692;55.61595;13.04212;901
Arlöv;Al;6167015;378396;55.63379;13.0683;901
Åkarp;Åk;6169494;380922;55.65668;13.10733;912
Karlberg;Ke;6581856;672231;59.34024;18.02842;401
Arlanda central;Arnc;6615947;665057;59.64885;17.92884;437
Blackvreten;Bvr;6611299;664057;59.60756;17.90751;437
Klostergården;Kgå;6174054;385568;55.69875;13.17923;912
Arlanda nedre;Arne;6614134;664842;59.63267;17.92362;437
Stockholms central;Cst;6580776;673914;59.32987;18.05707;401
Lockarp;Lrp;6157426;376398;55.54717;13.04089;901
Gamlestaden;Gas;6402247;321601;57.72687;12.00406;601
Göteborg Marieholm;Gbm;6404539;321913;57.74755;12.00759;601
Ljusne bruk;Lsb;6788808;613680;61.21708;17.11657;236
Kopparberg;Kpg;6637227;499264;59.87263;14.98685;391
Grundbro;Gru;6574277;619749;59.29039;17.10228;451
Överhogdals grusgrop;Öhlg;6900040;490797;62.23201;14.82295;264
Brännland;Brd;7093562;748181;63.8807;20.05652;146
Frändefors;Fdf;6486954;341457;58.4943;12.27975;637
Abisko östra;Ak;7586640;657624;68.34869;18.83023;111
Virsbo;Vso;6637625;560711;59.87174;16.08429;341
Ingatorp;Igt;6388091;524906;57.63446;15.41711;831
Härnön;xHön;6569523;630542;59.24454;17.28871;001
Kalix Västra;Klxv;7328989;870665;65.86533;23.1423;132
Vimmerby Hamra;Vibh;6388632;551885;57.63702;15.86902;841
Bratteborg;Btg;6382027;447692;57.57765;14.12533;731
Ockelbo;Ob;6751894;593388;60.8912;16.72092;218
Kårsta;xKår;6617728;684101;59.65684;18.26771;425
Nykroppa;Nka;6609919;460532;59.62556;14.30029;326
Lit;Lit;7021075;492823;63.31841;14.85674;261
Ekeryd;Eky;6385586;446574;57.60948;14.10585;731
Byarum;Bym;6377404;448738;57.53625;14.14379;731
Rydöbruk;Ryk;6314858;387316;56.96356;13.14674;735
Stora Levene;Stlv;6466892;378531;58.32614;12.92591;552
Krokom;Krm;7022024;472354;63.32593;14.44803;221
Tjärnvik;Tjä;6887383;621045;62.09908;17.31891;235
Gamleby;Gal;6418107;583570;57.89694;16.40984;845
Torpshammar;To;6927549;568858;62.47266;16.33545;224
Bjästa;Bja;7013809;673138;63.21157;18.44432;175
Dala-Floda;Dfl;6705866;488460;60.48878;14.79;376
Mora lasarett;Mrl;6764652;477354;61.01609;14.58107;265
Vattnäs;Vtn;6768359;478284;61.04942;14.59786;265
Born;Born;6777915;480779;61.13534;14.6431;265
Kolsnäs;Kns;6633468;395767;59.82575;13.14088;661
Sprängsviken;Spk;6973293;646069;62.8604;17.87075;232
Voxna;Vna;6800971;530767;61.34158;15.57505;251
Mimer;Mim;6659125;551992;60.06596;15.93401;344
Ådalsliden;Åd;7035943;593736;63.43959;16.87907;153
Bruzaholm;Bz;6388841;516438;57.64158;15.27534;831
Brastad;Bsa;6476638;294520;58.38225;11.48521;623
Nås;Nås;6703028;472503;60.46253;14.50002;376
Lövstahagen;xLh;6637910;661728;59.84713;17.88682;001
Derome;Dre;6346229;338238;57.23052;12.32016;656
Uppsala norra;Una;6639500;646272;59.86715;17.6124;429
Funbo;xFb;6638111;660150;59.84954;17.85884;001
Gryttje;Gry;6884343;619167;62.07241;17.28092;235
Råsjön;Rån;6524106;350596;58.83085;12.41178;662
Tofta;Tof;6339910;336793;57.17331;12.30041;656
Forsmo;Fsm;7016857;609385;63.26395;17.17953;130
Lönneberga;Lön;6379079;543099;57.55214;15.72018;831
Järlåsa;Jla;6640658;623301;59.88502;17.20321;431
Silverdalens centrum;Sic;6378034;544470;57.54262;15.74289;831
Långsele;Lsl;7006921;604043;63.17642;17.06679;211
Lörstrand;Lö;6836723;561724;61.65879;16.16548;217
Kvarnsjö;Kvö;6937362;467730;62.56573;14.37221;264
Grönåsen;Gnå;7025208;619626;63.33557;17.38959;130
Gärsnäs;Gss;6155912;448358;55.54649;14.18152;969
Åsarna Södra;Åsra;6945688;467802;62.64046;14.37204;264
Vendevägen;xVev;6588586;674158;59.3998;18.06768;426
Skee;Ske;6537484;284852;58.92293;11.26231;621
Hedlandet;xHdt;6569542;627266;59.2457;17.23134;001
Gemla;Gm;6303054;478436;56.87074;14.64625;821
Gunnarn;Gun;7211385;626099;65.00235;17.67491;152
Nässundet;Nd;6589142;456591;59.4386;14.23467;364
Snyten;Snt;6650918;557121;59.9916;16.02385;313
Sjisjka;Sjka;7510547;722139;67.62589;20.23457;113
Bredaryd;Bdy;6337739;423684;57.1765;13.7377;732
Skäret;Skrt;6639712;496081;59.89493;14.92997;327
Bredsjö;Brö;6632856;485170;59.83312;14.73546;327
Almunge;xAlg;6641521;670472;59.87599;18.04561;001
Vuonoskogen;Vsk;7332023;897047;65.86058;23.72313;133
Kvicksunds Södra;Ksus;6590988;574877;59.45075;16.32065;493
Hössjön;Hös;7068170;746004;63.65523;19.97216;171
Kungsgården;Kgd;6719590;588761;60.60234;16.621;315
Framnäs city;Fc;6486727;392056;58.50773;13.14738;552
Länna;xLna;6640826;665633;59.87173;17.95873;001
Rocksjön;Rkö;6403956;452310;57.77512;14.19819;715
Ottebol;Ot;6620505;357156;59.69794;12.46174;631
Hult;Hul;6389142;507684;57.64452;15.12872;831
Nynäshamns centrum;Nyc;6532695;669920;58.90028;17.94966;477
Svarte;Ste;6143228;418854;55.42854;13.71773;961
Bengtsfors;Bef;6546520;341305;59.0286;12.235;001
Åmotfors;Åt;6628558;352104;59.76841;12.3664;631
Näsbypark;xNbp;6592048;675583;59.43025;18.09558;426
Tjustskolan;Tjsk;6402366;597026;57.75288;16.63035;845
Örabäcken;Öbn;6886813;539386;62.11134;15.75474;216
Stjerneskolan;Stje;6668551;389541;60.13897;13.01111;661
Sjösa;Ssa;6517693;621189;58.78217;17.09638;421
Karlskrona central;Ck;6224812;536343;56.16692;15.58525;823
Mölndals övre;Mdö;6394566;322873;57.65846;12.03103;641
Jönköpings godsbangård;Jögb;6402744;450820;57.76407;14.17339;715
Hotings campingplats;Hcp;7109563;557167;64.10788;16.17335;261
Helgum;Hlm;7003907;598247;63.15102;16.94993;211
Skorped;Sop;7031721;642896;63.38541;17.85956;130
Nordmaling;Nog;7057830;722383;63.5784;19.48197;171
Knapptorp;Knp;6593961;496070;59.4841;14.93062;392
Malungsfors;Mfs;6734368;421532;60.73713;13.56099;375
Sala;Sl;6644222;589692;59.92569;16.60454;431
Vallnäs;Vln;6386251;528368;57.61772;15.47487;831
Övsjö;Övö;6982068;550024;62.96496;15.98643;211
Gideåbacka;Gia;7029722;704352;63.33765;19.08367;171
Karlskoga centrum;Ksac;6576370;472984;59.32528;14.52529;393
Karlskoga Dalbacksgatan;Kasd;6576458;472171;59.32603;14.51099;393
Vindeln;Vdn;7128240;728728;64.20413;19.71401;126
Vallåkra;Våk;6204115;366564;55.96381;12.86231;926
Maria;Mia;6216858;357515;56.07561;12.7107;920
Närkes Kvarntorp;Nkp;6553306;515581;59.11874;15.27213;591
Östersunds västra;Ösv;7005537;481431;63.17856;14.63114;222
Ramnäs;Rmn;6626385;567838;59.76973;16.20789;341
Vilhelmsborg;Vlb;6143039;419756;55.42699;13.73203;961
Sannarp;Sarp;6284452;370939;56.68631;12.89297;630
Länna bruk;xLbr;6641464;666274;59.87719;17.97068;001
Tystberga;Tba;6525341;629018;58.84853;17.23611;421
Lyrestad;Lyd;6518717;445493;58.80495;14.05658;552
Hova;Hova;6524146;454722;58.85477;14.2152;552
Västervik;Vk;6402695;597760;57.75568;16.64281;845
Selsjön;Slj;7021710;610865;63.30703;17.21232;130
Nedansjö;Nsö;6917297;595831;62.37471;16.8526;224
Loster;Ltr;6867824;549819;61.93967;15.9493;216
Svenstaviks centrum;Svc;6959776;471207;62.76718;14.43605;264
Jagbacken;xJbn;6569712;624560;59.24804;17.18403;001
Mertainen;Mtn;7519203;746962;67.68331;20.83511;116
Gröndalsviken;Gdv;6532528;668895;58.89918;17.93178;477
Bjuv;Bjuv;6217240;370010;56.0826;12.91111;933
Rosshyttan;Ry;6659851;575330;60.06886;16.35341;441
Nynäsgård;Ngd;6534259;669437;58.9145;17.94249;477
Morshyttan;Mrs;6681368;576109;60.26186;16.37546;312
Blägda;xBlä;6385867;567115;57.61018;16.12329;001
Årskogen;Åkg;6892410;622403;62.14373;17.34839;235
Sävastklinten;Sän;7311574;808537;65.7763;21.74937;119
Finnforsfallet;Ffs;7194314;753360;64.77731;20.33333;143
Kristianstad GBG;Crgb;6210975;447467;56.04111;14.15678;942
Hednoret;Ht;7315757;798079;65.82347;21.53192;124
Bergåsa;Båa;6226589;537309;56.18281;15.60106;823
Strömsbro;Smo;6731208;617626;60.69916;17.15472;303
Rabbalshede;Rbh;6502047;295007;58.61025;11.47071;621
Sundsvalls västra;Suv;6919690;618529;62.38964;17.29265;234
Överums Bruk;Övmb;6428326;578020;57.9897;16.3196;845
Kapellet;Kt;6584891;476634;59.40202;14.5885;392
Gnarp;Gnp;6882380;617270;62.0554;17.24335;235
Torved;Tvd;6520979;448038;58.82558;14.10009;552
Vedalund;xVdl;6607414;675032;59.56827;18.09849;425
Birsta;Bia;6926213;619554;62.44782;17.31699;233
Timrå;Trå;6930533;620083;62.4864;17.33025;233
Skönvik;Skk;6928575;620053;62.46885;17.32829;233
Brunna;Bna;6638468;636034;59.86138;17.42907;431
Tjugonde slussen;Tjs;6543669;341819;59.00321;12.24598;001
Bankeryd;Bry;6413500;448273;57.86039;14.12826;711
Grästorp;Gop;6468290;364505;58.33457;12.68582;652
Silverdalens bruk;Sid;6377316;545471;57.53608;15.75948;831
Gunsta;xGa;6638419;658737;59.85285;17.83389;001
Simrishamn;Si;6156594;459060;55.55364;14.35102;969
Rämshyttan;Rmh;6684651;512300;60.29827;15.22252;324
Hallstavik;Hak;6662408;700097;60.0499;18.59399;435
Kärreberga;Käb;6223309;374679;56.13835;12.98325;932
Lustån;Luå;6678032;555816;60.2352;16.00787;333
Hällenyland;Hnl;6944494;643130;62.60338;17.78859;233
Krampen;Krn;6622850;532583;59.74226;15.57966;313
Lottefors;Lot;6810407;575331;61.42019;16.41156;217
Sunne;Sun;6634547;396263;59.83556;13.14919;661
Rossön;Ros;7088936;566157;63.92123;16.34884;153
Fjällåsen;Fjå;7498202;717149;67.51933;20.09371;113
Norberg;Nbg;6658758;551772;60.0627;15.92996;344
Silinge;Sii;6542486;589971;59.01238;16.56667;492
Ödhult;xÖdh;6366465;549953;57.43814;15.83212;001
Mo grindar;Mog;6757547;592741;60.94208;16.71172;218
Ljungbyheds grusgrop;xLjd;6217071;389736;56.08604;13.22799;001
Nättraby;Nät;6229695;532697;56.21105;15.52715;943
Ösmo;Öso;6541947;666804;58.98449;17.90263;477
Bärby;xB;6638839;657682;59.85702;17.81539;001
Årsta;xÅs;6639348;651304;59.86397;17.70205;001
Mullsjö;Mu;6419801;433728;57.91505;13.88143;711
Järpås;Jps;6472698;381289;58.379;12.96998;552
Högboda;Hbd;6603733;389930;59.55739;13.05239;631
Råskogen;Rås;6503164;347987;58.64206;12.38081;636
Moskosel;Mos;7313920;701702;65.88242;19.42666;161
Lemmeströ;Lmm;6150715;396619;55.4916;13.36373;961
Murjek;Mk;7386192;761526;66.4841;20.88078;118
Hoting;Htg;7110381;558505;64.115;16.20112;261
Järpen;Jpn;7024653;423523;63.34242;13.47214;221
Uppsala Östra;xUö;6638561;648358;59.85798;17.64893;001
Ljusdal;Ls;6855375;557757;61.82682;16.09652;217
Holmfors;Hfs;7325346;804219;65.90315;21.68765;118
Grimsås;Grm;6371924;412826;57.48154;13.54609;721
Jönköpings central;Jö;6405016;450336;57.78442;14.1648;711
Forsheda;Fod;6336171;429403;57.16332;13.83271;732
Björkliden;Bln;7592916;651312;68.4083;18.68637;111
Örsjö;Örs;6283875;545923;56.69669;15.74987;824
Kvarnängen;Kng;6535876;668494;58.92938;17.92738;477
Hasslarp;Hlp;6223330;364297;56.1357;12.81629;923
Bräkne-Hoby;Bhb;6231831;507191;56.23132;15.116;943
Fångsjöbacken;Fgö;6992861;590038;63.05407;16.78102;211
Skattkärr;Srr;6586289;424592;59.40846;13.67164;383
Vikmanshyttan;Vhy;6684758;547660;60.29663;15.86221;333
Wibe;Wibe;6761096;474239;60.98397;14.52394;361
Perstorp;Pt;6222419;400484;56.13643;13.39864;932
Ljungaverks lastplats;Ljun;6929916;555557;62.49614;16.07832;224
Gripsholmsviken;xGhn;6570823;625875;59.25761;17.20771;001
Annedal;Aal;6222206;371320;56.12755;12.92976;923
Lökom;Lkm;7006654;631007;63.16523;17.60163;232
Vålberg;Våb;6585862;397644;59.39894;13.19738;637
Hofors;Hfr;6715511;569399;60.56954;16.26609;322
Erikslund;Ei;6933264;546969;62.52738;15.91258;224
Sollefteå;Stå;7006206;614056;63.16698;17.26503;232
Söräng;Säg;6801306;565202;61.34034;16.21864;251
Helsingborgs central;Hb;6213323;356434;56.04355;12.69525;904
Rautas;Rut;7550344;704654;67.99428;19.89855;111
Ättekulla;Ätk;6210728;360860;56.02156;12.76758;933
Tågarp;Tgp;6199901;371757;55.92739;12.94744;926
Åmsele;Åm;7158549;707719;64.48866;19.32501;152
Enafors;Ens;7020648;366493;63.28978;12.33726;221
Röstbo;Rbo;6782761;590267;61.16892;16.678;218
Gällö;Gö;6975721;511656;62.91124;15.22942;223
Dannemora;Dma;6676660;657879;60.19613;17.84796;435
Skurup;Srp;6149256;405080;55.48021;13.49809;961
Hasselfors;Hs;6549636;479738;59.08559;14.64644;383
Krokom OJ;Kroj;7023466;470578;63.33874;14.41232;221
Forshem;Fhm;6498512;412400;58.61809;13.49185;552
Vartofta;Vf;6439793;419111;58.09216;13.62795;710
Via;Via;6854744;615487;61.80805;17.19142;235
Mariestad;Mst;6508532;431984;58.71157;13.8259;552
Kärrgruvan;Kär;6661681;552306;60.08887;15.94029;344
Storblåliden;Sbi;7269089;751459;65.44672;20.42848;124
Segersäng;Ssä;6547009;667987;59.02943;17.92704;477
Kattisavan;Kat;7184713;650344;64.75331;18.1601;152
Dagarn;Dn;6641397;540106;59.90813;15.71705;313
Ångsågsmossen;Åmn;6229721;498606;56.21241;14.97753;943
Borgstena;Boa;6417408;382285;57.88297;13.01482;654
Håkantorp;Håp;6464759;377395;58.30667;12.90766;653
Sveg;S;6878314;466096;62.03559;14.35193;264
Luleå;Le;7292378;829951;65.58413;22.16582;122
Nyfors;Nyf;7296335;773867;65.67181;20.96476;124
Nelhammar;Nl;6439467;578121;58.08973;16.32501;845
Mörrum;Mru;6226913;484042;56.18691;14.74289;943
Bruksberget;Bet;7341843;849336;66.00365;22.71363;132
Holmån;Hoå;7031920;632314;63.39128;17.64825;130
Verkebäck;Vbä;6399525;590244;57.72879;16.51538;001
Polcirkeln;Pc;7396007;766859;66.56712;21.02111;117
Granstanda;Gad;6717317;574836;60.58478;16.36594;322
Könsa;Köa;7036001;709272;63.39101;19.18986;171
Tisselskog;Tsl;6531550;349367;58.89721;12.38549;662
Österås;Öså;7010999;609829;63.21128;17.18439;130
Tallåsen;Tl;6859845;553245;61.86759;16.01221;216
Medskogsheden;Msn;6740737;592501;60.79128;16.69926;311
Hedemora;Hdm;6682348;554216;60.27417;15.98014;333
Vimmerby;Vib;6391522;551217;57.66305;15.85844;841
Köpmannebro;Kpm;6516963;355842;58.76855;12.50717;637
Hedensbyn;Hsb;7193589;785816;64.74479;21.01079;143
Bodsjön;Bön;6965010;521473;62.81467;15.42126;211
Vassijaure;Vj;7594281;633652;68.42945;18.2588;111
Huskvarna;Hka;6404719;456278;57.78237;14.26476;711
Sunderbyns sjukhus;Sus;7301103;818271;65.67354;21.93525;119
Kungsör;Kör;6588208;562581;59.4278;16.10301;490
Linaälv;Lin;7469544;725817;67.25685;20.2394;113
Lovene;Lve;6479378;385964;58.44021;13.04655;552
Duved;Du;7030708;395945;63.38977;12.91762;221
Vagnhärad;Vhd;6536709;643769;58.94585;17.49885;421
Långbron;Lgb;6536164;343460;58.93649;12.27984;662
Morgongåva;Må;6645562;609616;59.9329;16.96145;431
Anundsjö;Anö;7036980;656858;63.42668;18.14365;130
Knäred;Knä;6264735;396107;56.51552;13.31155;931
Torsby;Toy;6668287;389073;60.13648;13.00283;661
Umeå godsbangård;Uågb;7090273;757380;63.84466;20.23753;146
Nacksta;Nta;6920598;616168;62.39853;17.24764;234
Arnemark;Amk;7277426;787463;65.49133;21.21822;141
Storträsk;Sto;7235126;737040;65.15401;20.06004;124
Barva;Bva;6579663;601956;59.3434;16.79264;451
Laduberg;Lrg;7302532;779977;65.72184;21.11001;124
Harrträsk;Hrt;7446539;748531;67.03351;20.71438;117
Ödåkra;Öda;6220021;359753;56.10467;12.74497;920
Viskafors;Vfo;6389488;371331;57.62933;12.8452;656
Lillängen;xLiä;6578304;679965;59.30516;18.1612;473
Skelleftehamns övre;Söv;7188187;796737;64.68715;21.22771;143
Backe;Be;7076330;570269;63.80733;16.42691;153
Bor;Bor;6330610;449662;57.11604;14.16876;720
Haparanda;Hp;7331048;916024;65.82783;24.13065;133
Stordalen;Soa;7586706;667539;68.34359;19.07053;111
Kälarne;Kln;6983897;554902;62.98066;16.08322;211
Dala-Järna;Dj;6712577;465043;60.54768;14.36272;376
Svedje;Svj;6954355;647703;62.68998;17.88615;232
Värnamo;V;6338539;441734;57.18633;14.03601;720
Röjan;Rjn;6927737;466963;62.47927;14.35915;264
Bodens södra;Bds;7316530;803323;65.82543;21.64769;120
Ragunda;Ru;6992881;571377;63.05841;16.41205;211
Torup;Tou;6314317;383212;56.95769;13.07953;733
Kjula;Kju;6578784;594511;59.33725;16.66141;451
Porjus;Pj;7435801;710713;66.96629;19.82988;161
Morjärv;Mjv;7349076;847655;66.0698;22.69642;137
Kågeröd;Kd;6207550;380462;55.99832;13.08329;924
Hasslerör;Hsr;6512722;438635;58.7502;13.93955;552
Husums norra;Humn;7031173;708459;63.34827;19.16737;171
Tällberg;Tlg;6742596;501100;60.81872;15.02022;331
Östersunds central;Ös;7004610;481762;63.17026;14.63783;222
Peuravaara;Pea;7537729;716578;67.87288;20.15742;112
Håmojåkk;Håk;7476734;722310;67.32371;20.17231;113
Gullberna;Gua;6227684;538702;56.19254;15.62366;823
Hjulsbro;Hj;6471168;541900;58.37934;15.71646;843
Härryda;Häy;6397359;339269;57.68968;12.30364;641
Skåre;Skr;6588767;412096;59.42829;13.45059;382
Arvidsjaur;Ajr;7280445;692145;65.58878;19.16897;151
Klippan;Kl;6222204;383777;56.13073;13.13004;932
Åsträsk;Åst;7174966;737793;64.61574;19.97527;126
Jörn;Jrn;7223816;736500;65.05332;20.02938;124
Ängelsberg;Äbg;6647038;556365;59.95687;16.00924;341
Hålbergsliden;Håb;7257150;710076;65.36929;19.52038;151
Näsbyallé;xNbe;6591700;675019;59.42736;18.08536;426
Finspång;Fg;6507197;545262;58.70257;15.7811;563
Sorsele industrispår;Sir;7273523;616513;65.56285;17.52454;164
Munkflohögen;Mfn;7047992;497471;63.56005;14.94909;261
Skogstorp;Skrp;6577931;583831;59.33184;16.47342;494
Lycksele timmer;Lyt;7168129;679818;64.59034;18.75748;152
Spännarhyttan;Spy;6660742;552576;60.08041;15.94492;344
Fyrislund;xFl;6638683;650189;59.85841;17.68167;001
Karlsberg;Ksg;6979211;532519;62.9413;15.64073;211
Hökmora;Hma;6658894;564428;60.06212;16.1573;313
Kirunavaara;Kia;7530002;718975;67.80206;20.1988;113
Boda;Boda;6830203;606573;61.59048;17.00805;235
Storå;Sr;6619826;507967;59.7163;15.14162;391
Harrå;Har;7485649;718570;67.40612;20.10273;113
Fredrikslund;Fre;6288568;558149;56.73748;15.95055;824
Jönåker;Jår;6512759;599818;58.74335;16.7247;421
Tyringe;Ty;6224735;412917;56.15967;13.59787;932
Sågbäcken;Sbä;7347692;843238;66.06232;22.59601;137
Näsberg;Nb;7373467;768530;66.36459;21.0098;118
Harasjön;Han;7008068;642990;63.17335;17.84049;175
Solsidan;xSln;6574873;687869;59.27097;18.2968;474
Gullträsk;Glt;7355641;778327;66.19703;21.18821;118
Garsås;Gså;6753150;490199;60.91336;14.81928;331
Forserum;Fm;6395197;468660;57.69788;14.47421;711
Bäckebron;Bäb;6615079;396674;59.66094;13.16611;661
Mörtsal;Möl;6964753;649276;62.78256;17.92606;232
Mellerud;Ml;6509639;353115;58.70192;12.46485;637
Stolpen;Soe;6383387;473361;57.5921;14.55437;732
Tväråbäck;Tvb;7104405;730994;63.98946;19.72415;126
Vallsta;Vl;6821262;572750;61.51811;16.36748;217
Ekskogen;xEkg;6615629;681868;59.639;18.22635;425
Brunnsgård;Bsd;6364430;506418;57.42256;15.10686;872
Tippen;xTip;6576247;686677;59.28381;18.27711;474
Långvattnet;Lnv;7063724;684689;63.65286;18.73133;129
Väderum;xVäm;6377646;564025;57.53679;16.06941;001
Koijuvaara;Kaa;7449300;749007;67.05776;20.73111;117
Mörsil;Mi;7020673;432729;63.30856;13.65766;221
Lysvik;Lyv;6654634;396190;60.01582;13.1378;661
Veddige;Vdi;6350211;339402;57.26666;12.33684;656
Tomelilla;Tli;6156045;433724;55.54592;13.9496;969
Vilhelmina timmer;Vmat;7170364;577088;64.64941;16.61374;165
Hällnäs;Hls;7139189;723637;64.30541;19.62588;126
Kosjärv;Koj;7334545;856120;65.93126;22.84168;132
Tillberga;Tb;6617718;591427;59.68741;16.62394;348
Degerbäcken;Dbn;7316925;791976;65.83951;21.40182;124
Heby;Hy;6646226;603547;59.94042;16.85325;431
Ursviken;Uvn;7190279;793764;64.70841;21.17003;143
Saluböle;Sbe;7045917;713476;63.47726;19.28703;171
Kvidinge;Kvi;6223072;378577;56.13722;13.04604;932
Hammar;Hmr;6990524;639851;63.01731;17.76324;238
Räppe;Räp;6304472;483968;56.88371;14.7369;821
Rällså;Rlå;6628817;505479;59.79708;15.09763;391
Bergfors;Bfs;7566978;698505;68.14726;19.78279;111
Stävie;Sie;6179651;379116;55.74745;13.07417;925
Stockholms norra;Nst;6582697;672464;59.34769;18.03316;405
Hilleby;Hly;6734712;618426;60.73035;17.17148;235
Säter;St;6690246;541784;60.34654;15.75706;333
Ånge;Åg;6932708;533794;62.52382;15.65652;210
Slussen;xSlu;6579638;675080;59.31918;18.07662;473
Munktorp;Morp;6599978;564141;59.53324;16.13403;350
Boden central;Bdn;7317193;806030;65.82877;21.70806;120
Järneträsk;Jnt;7291725;763907;65.63897;20.74006;124
Vetlanda;Vta;6364804;504903;57.42594;15.08164;829
Bjärka-Säby;Bsä;6459093;544163;58.27068;15.75284;843
Källene;Käe;6801739;607964;61.33472;17.01765;235
Gålnäs;Gån;7022091;680926;63.28192;18.60815;175
Arnäsvall;Ara;7025512;689664;63.30804;18.78599;171
Sävast;Svt;7310119;809486;65.76242;21.76654;119
Vissefjärda;Vfa;6266306;535728;56.53975;15.58098;823
Sandbäck;Sak;6224333;477302;56.16346;14.63451;943
Kristianstads södra;Crs;6208807;447835;56.02166;14.16311;952
Skene;See;6374193;359101;57.48841;12.64944;656
Skellefteå;Skl;7194308;783111;64.7535;20.95569;143
Rensjön;Rsn;7558607;701002;68.0707;19.82695;111
Lappberg;Lab;7506928;720937;67.59447;20.19926;113
Karlstad Välsviken;Kvä;6584461;419464;59.3911;13.58202;382
Tanum;Tnu;6514086;285477;58.71355;11.29559;621
Falerum;Fal;6445339;571076;58.14364;16.20732;845
Lidköping;Lkp;6486331;393075;58.50442;13.16505;552
Hjorthagen;xHhn;6570711;625581;59.2567;17.20251;001
Molnby;xMnb;6606207;674339;59.55773;18.08525;425
Värdshuset;xVht;6570880;626684;59.25789;17.22192;001
Nälden;Nä;7024658;462672;63.3487;14.25414;221
Strömsholm;Ssh;6596517;571768;59.50093;16.26768;493
Skruv;Sru;6281473;522762;56.67681;15.37149;822
Arbrå;Ab;6816036;573518;61.47106;16.37984;217
Simeå;Små;6827207;570460;61.57189;16.32672;217
Koler;Klr;7274793;753978;65.49572;20.49327;124
Falun central;Fln;6718769;535137;60.60326;15.64167;323
Sellnäs;Slnä;6697516;520968;60.41343;15.38068;324
Lindholmen;xLdm;6609263;675559;59.58463;18.10934;425
Umeå central;Uå;7088776;758965;63.8301;20.2671;146
Gunsen;Gse;7190997;790242;64.71788;21.098;143
Skälebol;Skbl;6499229;348544;58.60695;12.39302;637
Hennan;Hnn;6876944;547230;62.02186;15.90239;216
Bredviken;Ben;7326240;875454;65.83533;23.23832;132
Nuortikon;Nrt;7430307;754711;66.88351;20.82079;117
Mörarp;Mör;6214284;367583;56.05539;12.87361;933
Svenstavik;Svk;6960304;471446;62.77194;14.44064;264
Graninge;Ga;6996974;593962;63.08997;16.86096;211
Västeraspby;Väy;6994763;638878;63.05568;17.74763;232
Vansbro;Vo;6708738;457503;60.51248;14.22608;376
Tågsjöberg;Tsg;7061803;586192;63.67346;16.74204;153
Charlottenberg;Cg;6641481;348854;59.88316;12.29922;631
Storuman;Sum;7220911;599241;65.09688;17.11245;165
Maitum;Mtm;7371279;710022;66.38994;19.70286;161
Buddbyn;Bud;7321006;805634;65.86312;21.70836;120
Ölme;Öl;6580657;443464;59.36086;14.00551;383
Åsarna central;Åsal;6946385;467924;62.64673;14.37428;264
Trehörningsjö;Thö;7068410;691069;63.69142;18.8656;129
Malmbäck;Mbä;6381859;467733;57.57802;14.46044;732
Undersåker;Un;7021900;411743;63.31501;13.23844;221
Enstaberga;Ebg;6513805;606993;58.75102;16.84912;421
Ringvägen;xRvä;6576247;688092;59.28319;18.3019;473
Trelleborg;Trg;6137659;383450;55.37138;13.16088;914
Oskarshamn;Oh;6347581;587915;57.2628;16.45757;833
Koskivaara;Kva;7404992;764360;66.64944;20.98449;117
Hovmantorp;Hvp;6293595;508533;56.78619;15.13966;822
Hillared;Hil;6388997;389995;57.62987;13.15778;721
Herrhult;Hlt;6612358;461134;59.64751;14.31052;326
Nordskogen;Nosk;6402749;378001;57.75023;12.95011;654
Aspeå;Ap;7031251;625610;63.38771;17.51371;130
Kragenäs;Kgs;6523711;283548;58.79885;11.25308;621
Kristinehamn;Khn;6575733;449174;59.31737;14.10709;383
Gårdsjön;Gön;6899247;623720;62.20462;17.37844;235
Ope;Ope;7000537;487195;63.13394;14.74603;223
Stegsskogen;Sten;6858896;615787;61.8452;17.19978;235
Gastsjön;Gsn;6981230;543438;62.95828;15.85636;211
Håverud;Hvr;6523417;350637;58.82469;12.41295;662
Rödberg;Rö;6395343;357881;57.67785;12.61673;641
Skinnskatteberg;Skb;6632973;538769;59.83262;15.69159;313
Gällivare;Gv;7457341;744796;67.13298;20.65152;114
Markaryd;Mrd;6258122;413353;56.45962;13.59393;931
Svalöv;Sal;6197839;381888;55.91147;13.11039;924
Kode;Kde;6426890;313602;57.94464;11.85072;625
Björna;Bj;7052051;678677;63.5514;18.59691;129
Åshammar;Åh;6724649;584638;60.64864;16.54792;311
Håsjö;Hå;6988834;564422;63.0234;16.27291;211
Karlshamn;Kh;6225809;491696;56.1772;14.86625;943
Ekenässjön;Esn;6371984;501136;57.49046;15.01895;829
Gäddmyr;Gy;7516563;719918;67.6813;20.19438;113
Gräsberg;Gäg;6676411;512365;60.22429;15.2232;324
Brunsbergstunneln;Bu;6611151;384179;59.6224;12.94666;631
Fors;Fs;6675133;572695;60.20651;16.31154;312
Ålsäng;Ålg;6586562;540315;59.41574;15.71031;351
Brännögård;Bög;6319610;384655;57.00557;13.10082;733
Åsbro;Å;6539848;503516;58.99815;15.06119;522
Kejsarbäcken;Keb;6633171;483318;59.83588;14.7024;327
Koskullskulle;Kos;7463663;747745;67.187;20.73261;114
Pålsjö;Pö;6215968;356653;56.06736;12.69734;920
Nordlunda;Norl;7276662;694919;65.55327;19.22346;151
Billesholm;Bih;6214199;374009;56.05637;12.97677;924
Hillerstorp;Hto;6352846;432755;57.3136;13.88361;721
Hällefors;Hlf;6626703;472931;59.77726;14.51794;326
Gullringen;Gng;6407207;541682;57.80491;15.70137;841
Vattjom;Vm;6916704;603776;62.36726;17.00573;224
Tolikberget;Tet;7378440;763444;66.4133;20.90721;118
Hultsfred;Hf;6371853;550758;57.48644;15.84665;832
Edsbyverken;Edv;6804513;545071;61.37199;15.84322;251
Fristad;Fra;6411251;381738;57.82755;13.00866;654
Edsbyns södra;Eds;6804733;544536;61.37402;15.83326;251
Älvsbyn;Äy;7297158;775090;65.67811;20.99292;124
Bjärnum;Bjm;6239283;419958;56.29157;13.70682;931
Borås central;Bsc;6399507;376805;57.7208;12.93169;655
Rydsgård;Rdg;6148491;410666;55.47439;13.5867;961
Klockarbäcken;Klbn;7091180;752594;63.85625;20.14209;146
Bispgården;Bsg;6989817;582014;63.02866;16.62087;211
Brattheden;Brh;6628384;566305;59.78792;16.18122;341
Arvån;An;7165291;691766;64.55839;19.0027;152
Sandviken;Snv;6721139;597309;60.61426;16.77779;315
Frösunda;xFsu;6613818;678796;59.62409;18.17041;425
Häggsjön;Hän;6941151;640325;62.57449;17.73128;233
Domnarvet;Dmn;6706478;524490;60.49369;15.44572;306
Ornäs;Orn;6708011;529372;60.50713;15.5348;323
Mörlunda;Möa;6353613;552727;57.32239;15.87556;832
Avesta Krylbo;Avky;6666463;567570;60.12957;16.21622;313
Teckomatorp;Tp;6193338;380022;55.87058;13.08255;926
Kalmar central;Kac;6280514;583379;56.66133;16.36026;827
Hulingsryd;Hud;6373473;550043;57.50107;15.83506;831
Nyköpings central;Nk;6514673;615535;58.75661;16.99709;421
Jularbo;Ju;6669709;569815;60.15833;16.25773;312
Billingsfors;Bfo;6541291;341931;58.98192;12.24964;662
Hästbo;Hä;6702309;580065;60.44907;16.45528;312
Dals Rostock;Drt;6511170;346817;58.71347;12.35524;636
Köping;Kp;6596850;556983;59.50619;16.00667;350
Fillan;Fil;6923634;622899;62.4236;17.37992;231
Karlstads central;Ks;6583092;414721;59.37789;13.4991;382
Mölnlycke;Myk;6394181;328091;57.65704;12.11864;641
Dorotea;Dta;7126537;568092;64.25819;16.4052;165
Kåbdalis;Kåb;7345903;724874;66.15279;19.98872;161
Björneborg;Bjb;6567501;457256;59.24435;14.25069;383
Kvillsfors;Kvf;6362377;529781;57.40318;15.49561;872
Ryggen;Ryg;6717610;551826;60.59104;15.94611;322
Vekerum;Vru;6225797;486385;56.17696;14.7807;943
Nyköping södra;Nks;6513671;615780;58.74756;17.00079;492
Österskär;xÖsk;6596067;687637;59.46108;18.31121;427
Viskan;Visk;6925075;573969;62.44948;16.43348;224
Järvsö;Jr;6843072;561959;61.71574;16.17207;217
Säffle;Sfl;6556647;380754;59.13232;12.91621;637
Lahäll;xLhl;6591267;674380;59.42375;18.07377;426
Ljuså;Lså;7333233;799377;65.97802;21.60026;118
Keräsjoki;Kei;7331845;905712;65.84813;23.91017;133
Pilgrimstad;Pl;6980575;502047;62.95499;15.04035;223
Alfta;Aft;6801745;557316;61.34553;16.07141;251
Yttersjön;Yö;7150974;724395;64.41032;19.65934;126
Fagerås;Fgå;6599241;399281;59.51942;13.21989;631
Kilvo;Klv;7424762;758491;66.83084;20.89468;117
Påarp;Påa;6211487;363979;56.02928;12.81721;933
Johannisberg;Jbg;6930750;552995;62.504;16.02887;224
Karsjö;Ksö;6834750;566849;61.64023;16.2615;217
Mellösa;Mlö;6552324;589340;59.10084;16.55968;494
Fågelsjö;Feö;6852121;483240;61.80161;14.68207;265
Roback;Rob;6988393;558804;63.02039;16.16179;211
Rian;Ran;7331194;863257;65.89343;22.98766;132
Kornsjö gränsen;Ko;6538314;307796;58.94126;11.65934;001
Habo;Ho;6418664;445296;57.90641;14.07691;711
Ruda;Rud;6330275;567609;57.11082;16.11629;875
Ljungskile;Lj;6457784;319192;58.22403;11.92121;624
Hussjöby;Hsy;6938015;634183;62.54865;17.60941;233
Limmared;Lme;6378180;401398;57.53537;13.35305;721
Henriksdal;xHed;6578951;676914;59.31226;18.10822;473
Björbo;Böo;6701906;485088;60.45311;14.72895;376
Hissmofors;Hmfs;7021332;472843;63.31977;14.45792;221
Karbenning;Kbn;6656000;559793;60.03684;16.07322;313
Norra Valbo;Nvl;6726768;610045;60.66148;17.01346;315
Kil;Kil;6597468;404678;59.50477;13.31601;631
Mora central;Mrc;6763837;476180;61.0087;14.55947;331
Kalmar södra;Kas;6281077;581579;56.6667;16.33108;827
Umeå östra;Uåö;7087547;760378;63.81807;20.29363;147
Svartå;Svå;6554878;472298;59.13224;14.51596;383
Skanlog;Snl;6586093;582046;59.40546;16.44516;452
Oxelösund;Oxd;6505264;621792;58.67045;17.10006;492
Överum;Övm;6427514;578390;57.98235;16.32559;845
Kortfors;Kf;6586625;481605;59.41784;14.67588;392
Krökesbo;Kröb;6396221;470399;57.7072;14.50326;711
Brännberg;Brg;7309850;784589;65.78307;21.2257;124
Jokkmokk;Jk;7395895;714266;66.6071;19.84011;161
Grängesberg;Gg;6659766;500202;60.07502;15.00363;325
Östberga;xÖga;6589081;674491;59.4041;18.07394;426
Aplared;Apd;6391497;385103;57.65109;13.07473;721
Stöde;Std;6921966;582596;62.41977;16.5991;224
Surahammar;Shr;6619352;568627;59.70646;16.21962;345
Göteborg Lindholmen;Gli;6400292;316492;57.70727;11.91989;603
Strömtorp;Srt;6568102;466447;59.25057;14.4117;383
Vikersvik;Vik;6591787;492050;59.46452;14.85972;392
Klevshult;Kvh;6356895;445685;57.35168;14.09735;732
Kolmården;Kon;6504633;579014;58.67469;16.36253;421
Lidlund;Ldl;7215882;736945;64.98208;20.02541;124
Degermyr;Dgm;7090908;726168;63.87191;19.60594;129
Åsensbruk;Åb;6521237;351282;58.80535;12.42557;662
Värtan;Vn;6583247;675922;59.35119;18.09434;405
Bromölla;Bml;6213678;467717;56.06718;14.48148;943
Marielund;xMl;6637420;661083;59.84298;17.87493;001
Storlien;Str;7024097;354730;63.31611;12.09989;221
Östra Grevie;Ög;6148626;381893;55.4695;13.13167;913
Knalleland;Knl;6400963;377500;57.73406;12.9426;655
Österalnö;Öal;7029985;675805;63.35518;18.51488;149
Rydaholm;Rym;6316077;458162;56.98635;14.31153;720
Solum;Slm;7001455;640367;63.1151;17.78279;175
Forsbacka;Fb;6724141;603277;60.6397;16.88833;315
Singsån;Sngå;6989549;569669;63.02885;16.37687;211
Bjurhem;Bjh;6479630;341177;58.4285;12.28004;637
Brattsbacka;Brs;7079795;706201;63.78479;19.18586;129
Vegeholm;Vh;6231476;363145;56.2085;12.79359;920
Ålberga;Åba;6510403;591353;58.72408;16.57755;421
Brattby;Btb;7096271;739349;63.91108;19.88157;146
Svenshögen;Svg;6448904;319676;58.14458;11.93631;624
Degerfors;Dg;6565665;468064;59.22881;14.4404;383
Fagersta central;Fgc;6650646;545553;59.9906;15.81646;313
Vänersborg central;Vg;6473870;343202;58.37754;12.3186;652
Leksboda;Lea;6737906;501102;60.77662;15.02024;331
Holmsjö;Hmö;6253176;533462;56.42196;15.54245;823
Neglinge;xNeg;6576808;687508;59.28848;18.29216;473
Kramfors;Krf;6980726;641033;62.92902;17.77822;232
Lödöse;Löö;6435352;331750;58.02777;12.15086;666
Sickla;xSik;6578388;677675;59.30689;18.12112;473
Vinlidsberg;Vld;7211934;597229;65.01698;17.06342;165
Brånan;Brn;6951614;469753;62.69381;14.40903;264
Väse;Ve;6583120;434794;59.38172;13.85228;383
Trekanten;Tre;6284694;568559;56.70128;16.11966;824
Sunnäsbruk;Säu;6776737;614544;61.10853;17.12533;235
Kaisepakte;Kpe;7580915;677562;68.28568;19.30342;111
Åskott;Åkt;7016861;481700;63.2802;14.6352;261
Kälvattnet;Käv;7036014;648619;63.42155;17.9779;130
Storebro;Sro;6382720;550958;57.58403;15.85226;841
Ulriksfors;Uf;7078493;530558;63.83245;15.62105;261
Flädie;Fl;6177007;379032;55.72368;13.074;925
Granbergsdal;Gr;6584705;477363;59.40039;14.60134;392
Högbränna;Hbä;7078813;718262;63.76871;19.42847;129
Klenshyttan;Khy;6663428;505798;60.10786;15.10428;325
Ytterby;Yb;6417491;317117;57.86179;11.91723;625
Hagge;Hge;6666088;517232;60.13142;15.31016;340
Furudal;Fda;6781713;507122;61.16985;15.13239;265
Rundvik;Ruk;7053993;719270;63.54601;19.41414;171
Bastuträsk;Bst;7194466;739421;64.78889;20.04156;124
Lindesberg;Ld;6606268;512911;59.59444;15.22867;391
Rottneros;Rts;6630060;394987;59.79496;13.12869;661
Genevad;Gnd;6271367;379067;56.57099;13.03171;931
Dalgränsen;Dgn;6694929;580131;60.38281;16.45352;312
Norra Sunderbyn;Sby;7303478;814764;65.69813;21.86513;119
Hamrångefjärden;Hfj;6753531;611890;60.9011;17.06257;235
Insjön;In;6726638;505163;60.67541;15.0945;331
Svartvik;Sik;6912368;622660;62.32264;17.36731;235
Tvärålund;Tvä;7116495;727822;64.09969;19.67765;126
Frånö;Fnö;6978291;643655;62.90616;17.82769;232
Gussi;Gui;6790711;612542;61.23448;17.09653;235
Billeberga;Bib;6194953;374645;55.88372;12.99593;926
Stavreviken;Sen;6938141;623730;62.55343;17.40645;233
Backsjön;Baö;7023837;615166;63.32474;17.29959;130
Mattmar;Ma;7019918;441365;63.30331;13.8302;221
Sölvesborg;Sög;6211655;474027;56.04939;14.58302;943
Saltsjöbaden;xSbn;6575814;688747;59.27902;18.313;473
Tallhed;Thd;6786221;484373;61.21007;14.70915;265
Vargön;Vag;6471724;347366;58.35976;12.39114;652
Erikstad;Erk;6501917;349670;58.63146;12.4106;637
Munkedal;Mkl;6485249;306244;58.4648;11.67808;621
Ånn;Ånn;7023758;376739;63.32133;12.539;221
Rimforsa;Rf;6443974;540140;58.13527;15.68166;841
Hälleforsnäs;Hnä;6559059;585914;59.162;16.50254;494
Repbäcken;Rbä;6708726;518858;60.51418;15.34343;331
Hestra;Het;6367599;415709;57.44325;13.59565;721
Ed;Ed;6534469;323378;58.91349;11.93277;636
Lyse;Lye;6470100;294717;58.32373;11.49438;623
Betåsen;Btå;7048358;590116;63.55189;16.8136;153
Bjurå;Brå;7342346;823475;66.03555;22.14949;137
Lakaträsk;Lkä;7364055;774656;66.27531;21.12541;118
Ripats;Rps;7439764;749916;66.9719;20.73172;117
Önnestad;Önd;6213239;439552;56.06051;14.02925;941
Sandared;Sae;6398517;368466;57.70955;12.79235;641
Västra Ingelstad;Vid;6151121;380365;55.49154;13.10644;913
Ekträsk;Etk;7161056;730893;64.49614;19.80951;126
Vedum;Ved;6449276;382272;58.16902;12.99868;653
Notviken;Nvn;7295076;827456;65.61069;22.11874;119
Geijersdal;Gdl;6607187;442133;59.59887;13.9749;326
Vackernäset;Vnt;6986525;556611;63.00399;16.11783;211
Norra Kikkejaur;Nkr;7285811;690261;65.63792;19.13586;161
Söderbärke;Sre;6659601;529894;60.07245;15.53712;340
Örnsköldsvik norra;Ökn;7025093;686589;63.3059;18.72427;171
Ransta;Rt;6631415;591990;59.81023;16.63995;443
Lessebo;Lo;6289654;515809;56.7506;15.25851;822
Vinslöv;Vöv;6218284;432610;56.1049;13.91651;941
Grohed;Ghd;6465987;317873;58.29706;11.89234;624
Bofors;Bof;6577287;474235;59.3336;14.54715;393
Hjortöström;xHjm;6352255;533173;57.31203;15.55069;001
Losesjön;Lsn;6810141;606466;61.41051;16.99446;235
Björnsjö;Bjö;7046809;672159;63.50767;18.46029;129
Västra Torup;Vto;6223135;407285;56.14423;13.50779;932
Segmon;Sgm;6572304;388223;59.27487;13.03861;637
Älvsjö godsbangård;Äsg;6576350;672041;59.29094;18.02069;407
Långviksmon;Lmn;7061452;682900;63.63344;18.69262;129
Ormaryd;Ory;6391494;489948;57.6656;14.8315;831
Äng;Äng;6394550;474172;57.69242;14.56675;711
Eksjö;Ek;6391278;498535;57.66377;14.97544;831
Gimonäs;Gim;7084211;761763;63.78723;20.316;147
Lövliden;Lvd;7170928;577013;64.65448;16.61246;165
Fisksätra;xFsä;6577334;685419;59.29411;18.256;473
Attarp;Atp;6221952;428451;56.13725;13.84868;941
Gåsträsken;Gen;7344701;832283;66.04739;22.34833;137
Sandhem;Sm;6428073;427436;57.98835;13.77273;711
Båramo;Bmo;6367566;445316;57.44748;14.08884;732
Gantofta;Gan;6207019;363333;55.98898;12.80912;926
Karsbäcken;Krb;7206970;736256;64.90291;19.99597;124
Lyckselesågen;Lyg;7168309;678431;64.59269;18.7288;152
Korsträsk;Ktä;7295116;769356;65.66473;20.86467;124
Spjutsbygd;Spj;6240775;536765;56.3103;15.59426;823
Ulvshyttan;Uly;6688232;519700;60.33014;15.35675;324
Almnäs;Alä;6561611;643351;59.16941;17.50783;451
Värmlands Bro;Vdb;6562384;386521;59.18538;13.01393;637
Lomselenäs;Lms;7235083;623769;65.21564;17.6466;164
Månsarp;Måp;6390578;444558;57.65408;14.07097;731
Krokvik;Kv;7543896;712244;67.93118;20.06675;111
Olofström;Of;6237234;470263;56.27899;14.51973;851
Nybro;Nyb;6289081;555598;56.74241;15.90897;824
Orsa;Ors;6776111;479586;61.11909;14.62114;265
Hållsta;Hål;6573833;583079;59.2952;16.45863;494
Röste;Rte;6805931;574374;61.38021;16.39185;217
Arvika;Ar;6615294;364262;59.65357;12.59124;631
Korsnäs;Koä;6716898;539041;60.58609;15.71259;322
Storflon;Sfn;7024862;469311;63.35116;14.38674;221
Gnosjö;Gnö;6358015;423884;57.35863;13.73478;721
Älvho;Älo;6818279;486548;61.49795;14.74731;265
Åryd;Ård;6297433;498989;56.82075;14.98344;822
Altorp;xAlp;6589798;674396;59.41057;18.07285;426
Kattisträsk;Kaä;7183365;739891;64.68933;20.03288;126
Hökön;Hkö;6259112;452191;56.47405;14.22389;851
Åtvidaberg;Åvg;6451821;558891;58.20365;16.00202;845
Byälven;Byä;6557338;381114;59.13862;12.92212;637
Hudiksvall;Hkl;6845239;611429;61.72399;17.10864;235
Erstaviksbadet;xEvb;6575060;687194;59.27294;18.28514;474
Grötingen;Grö;6969412;524677;62.85397;15.48476;211
Tenhult;Th;6396087;459874;57.70518;14.32667;711
Skytts Vemmerlöv;Svö;6141990;383137;55.4102;13.15413;913
Dingle;Dl;6492740;300845;58.52953;11.57917;621
Torsåker;Tså;6709649;581824;60.5146;16.49026;312
Skeppshult;Sph;6332507;400530;57.12508;13.35697;732
Smedjebacken;Smj;6666676;522539;60.13644;15.40576;340
Vilhelmina;Vma;7167435;578974;64.6227;16.65161;165
Horred;Hre;6359552;348237;57.35351;12.47745;656
Brålanda;Brl;6494111;345780;58.56006;12.34898;637
Hörle;Hrl;6346630;442926;57.25915;14.05388;732
Villersmuren;Vmu;6720236;592890;60.60721;16.69667;315
Tattby;xTab;6575730;686979;59.27904;18.28194;474
Ludvika;La;6668115;510131;60.14986;15.18246;324
Stora Höga;Sth;6435267;313134;58.01957;11.8362;625
Gagnef;Gnf;6718091;504448;60.59868;15.08121;331
Mariannelund;Mnd;6386135;534941;57.61622;15.58488;831
Bollebygd;Boy;6394293;355052;57.66752;12.56996;641
Vara;Vaa;6459582;379812;58.26088;12.95156;653
Myrheden;Mhn;7251893;742995;65.29951;20.21604;124
Jädersbruk;Jbk;6585671;545327;59.40723;15.7984;350
Hallinden;Hal;6485101;297456;58.45949;11.52786;623
Kopparåsen;Kå;7594486;643651;68.42636;18.50233;111
Sundsvalls central;Suc;6919391;619703;62.38659;17.31513;234
Sandträsk;Stä;7348418;784939;66.12671;21.31798;118
Hinsnoret;Hno;6711989;534470;60.54245;15.62831;323
Fränsta;Ft;6929981;560146;62.496;16.16739;224
Pitkäjärvi;Pii;7517502;751590;67.66419;20.93991;116
Blyberg;Bbe;6780169;453591;61.15331;14.13776;371
Byvalla;By;6690901;578167;60.34704;16.41633;312
Ljung;Lju;6428865;384900;57.9865;13.05332;654
Sandmon;Sdm;6607964;422919;59.60275;13.63434;326
Sikträsk;Stk;7461140;735352;67.17445;20.44239;113
Fåker;Fkr;6984902;478437;62.99319;14.5744;264
Ånimskog;Ånm;6528932;359852;58.87727;12.56892;637
Stöcke;Sök;7079031;759346;63.74274;20.25853;171
Märbäck;Mäk;6785555;450257;61.20124;14.07442;371
Tunagård;xTug;6596903;687373;59.46869;18.30731;427
Kisa;Kisa;6427206;537494;57.98491;15.63405;841
Läggesta nedre;xLgn;6569482;623995;59.24614;17.174;001
Vännäs;Vns;7095683;732866;63.91021;19.74901;138
Träskholm;Thm;7243952;737978;65.23222;20.09514;124
Iggesund;Id;6836371;610272;61.64477;17.0814;235
Marmaverken;Me;6794581;600247;61.27256;16.8697;242
Skabersjö;Saö;6155776;383519;55.53411;13.15439;961
Stockviksverkens nedre;Ston;6915074;622220;62.34705;17.36072;235
Jämtlands Sikås;Js;7055378;510228;63.6262;15.20635;261
Godegård;Go;6511697;509560;58.74525;15.16518;522
Borlänge central;Blgc;6705279;523387;60.483;15.42552;306
Dockmyr;Dk;6980745;537490;62.95459;15.73901;211
Hölö;Hlö;6545707;645502;59.02599;17.53488;421
Växjö;Vö;6303673;488130;56.87665;14.80525;821
Skymossen;Skms;6542279;505103;59.01997;15.08887;419
Fjälkinge;Fki;6211172;455200;56.04366;14.28086;943
Viresjö;Vsö;6451777;553657;58.20392;15.91297;845
Fellingsbro;Feb;6588402;533755;59.43285;15.59501;351
Avaviken;Ava;7280779;668186;65.60512;18.65092;164
Vännäs norra;Vän;7097753;732402;63.92903;19.74273;138
Gimo;Gmo;6675267;676648;60.17594;18.18474;435
Reftele;Rft;6337852;414952;57.17597;13.59329;732
Myra;Myra;6820822;605756;61.50654;16.98728;235
Bjørnfjell;Bjf;7594131;626091;68.43159;18.07459;001
Axmarby;Ax;6765451;614270;61.00736;17.1135;235
Lubboträsk;Luä;7168504;736100;64.55915;19.92952;126
Smålandsstenar;Sdr;6336463;404119;57.16136;13.41471;732
Sorsele;Srs;7270489;617490;65.5353;17.54302;164
Daglösen;Dgö;6611705;454337;59.64096;14.19009;326
Aptas;Apt;7526673;729622;67.76413;20.44326;116
Emmaboda;Em;6276321;532759;56.62994;15.53397;822
Kolforsen;Kfn;6746729;600610;60.84308;16.85123;243
Näverkärret;Nkt;6614224;529696;59.66502;15.52709;313
Trångsviken;Tåv;7022989;450536;63.33225;14.0122;221
Järlövsby;Jäy;6351447;340904;57.27828;12.36093;656
Skärblacka;Sbl;6493212;552514;58.57616;15.90299;563
Stenbacken;Sbk;7577505;686052;68.24976;19.50239;111
Kalixfors;Kx;7523304;719952;67.74149;20.20852;113
Drömme;Döe;7017565;661646;63.25057;18.2199;175
Niemisel;Nml;7340768;816899;66.02813;22.0016;137
Oskarström;Om;6297676;376173;56.80646;12.97196;733
Ryr;Ryr;6469214;332476;58.33181;12.13882;651
Sällinge;Slg;6598026;527182;59.51974;15.48038;313
Tösse;Töe;6539255;364514;58.9714;12.64341;637
Äggfors;Äfs;7019114;435191;63.29503;13.70739;221
Callans såg;Cas;6931777;551133;62.51348;15.99303;224
Malung;Mlg;6728206;429585;60.68332;13.71085;376
Lomsmyren;Lom;6760955;473580;60.98267;14.51177;361
Blomstermåla;Bma;6316027;580969;56.9807;16.33223;876
Kringlan;Krl;6760831;611180;60.9668;17.05372;235
Bälgviken;Bgv;6569098;583295;59.25265;16.4606;494
Horndal;Hl;6686192;578122;60.30478;16.4137;312
Kalix Östra;Klx;7328221;872583;65.85628;23.18173;132
Glommersträsk;Glk;7245999;715086;65.2663;19.61025;151
Stora Tuna;Sau;6700711;527350;60.44174;15.49698;333
Lomma;Lma;6171169;378897;55.67122;13.07442;925
Gottne;Ge;7038616;669125;63.43572;18.39073;129
Lugnås;Lnå;6501177;424663;58.64433;13.70202;552
Norrsjön;Non;7058782;728178;63.58322;19.59971;171
Falkenbergs godsstation;Fabg;6309248;346988;56.90164;12.4875;629
Svedala;Sea;6152620;388342;55.50689;13.23202;961
Gustafs;Gtf;6696259;532771;60.40136;15.59476;333
Hundsjön;Huö;7332797;808684;65.96524;21.80267;137
Storvik;Sv;6717206;584067;60.58196;16.53429;315
Ytterhogdal;Yl;6896167;492475;62.19729;14.8554;264
Skölsta;xSa;6640618;653586;59.87452;17.74367;001
Härnösands central;Hsd;6948356;650135;62.63522;17.92828;233
Moga;xMg;6643793;671279;59.89603;18.06187;001
Järbo;Jb;6732112;587478;60.71501;16.60316;311
Grythyttans norra;Ghyn;6622435;472737;59.73891;14.51503;326
Edane;En;6611788;377645;59.62626;12.83054;631
Skillingaryd;Syd;6365455;445397;57.42853;14.09067;732
Hargshamn;Hrm;6675320;692606;60.16921;18.47191;435
Lycksele;Ly;7168319;675553;64.59428;18.66882;152
Ormsta;xOta;6604869;674082;59.54585;18.07961;425
Leksand;Lsd;6733152;500168;60.73393;15.00307;331
Säve;Sve;6411091;316530;57.80415;11.91228;625
Ängersjö;Änö;7061811;738143;63.60375;19.80432;171
Söderhamns västra;Shv;6797836;609013;61.29941;17.03497;235
Rågsveden;Råg;6705181;448618;60.47952;14.06522;376
Löt;xLöt;6640165;664808;59.86613;17.9435;001
Taxinge-Näsby;xTx;6569134;631221;59.24084;17.30037;001
Grums;Gms;6580881;392752;59.35302;13.11376;637
Hindås;Hås;6398663;348116;57.70445;12.45105;641
Dynäs;Dns;6984869;638703;62.96705;17.73585;232
Södra Vi;Svi;6400065;547205;57.74022;15.79288;841
Råtsi;Rsi;7528922;720833;67.79101;20.24052;113
Lövberga;Löb;7093050;541778;63.96192;15.853;261
Hälsingenybo;Hnb;6882333;543524;62.07068;15.83292;216
Karpalund;Kap;6210983;443589;56.04073;14.09455;942
Ronneby;Rb;6229098;517591;56.20649;15.28357;943
Igelboda;xIgb;6576923;686555;59.28992;18.27555;473
Dals Långed;Dld;6534650;344925;58.92344;12.30632;662
Spjutbäcken;Spjb;6576966;450994;59.32866;14.13878;364
Mariefreds ångbåtsstation;xMfå;6570830;626895;59.25737;17.2256;001
Hyllstofta;Hyl;6222147;393467;56.13247;13.28589;932
Åre;Åre;7031539;403829;63.39943;13.07479;221
Rekarne;Rke;6588433;576082;59.42759;16.34099;450
Gransjö;Grs;7341776;789775;66.06308;21.40939;118
Långsjön;Lsj;6717323;559795;60.58736;16.09147;322
Skästra;Skä;6846777;561470;61.74907;16.16409;217
Maj;Maj;6902463;624792;62.23311;17.40132;235
Sandarne;Sne;6794194;615207;61.26495;17.14826;236
Snickarbo;Snb;6673170;558579;60.19117;16.05636;333
Åmål;Ål;6547490;367958;59.04637;12.69832;637
Gävle central;Gä;6728636;617526;60.67611;17.15134;303
Vrena;Vre;6525987;598301;58.86245;16.70432;492
Torneträsk;Tnk;7574555;694806;68.21753;19.70794;111
Mönsterås;Mss;6322804;587792;57.04032;16.44681;877
Hallstahammar;Hh;6609123;568849;59.61459;16.22022;345
Hjältevad;Hvd;6387452;520525;57.62894;15.34369;831
Strömstad;Smd;6539278;279824;58.93646;11.17339;621
Rockneby;Rby;6296727;581888;56.8072;16.34111;876
Töva;Töv;6917597;609139;62.37374;17.10987;224
Edsbyn;Edn;6804635;543957;61.37321;15.82241;251
Norrmjöle;Noe;7073807;751293;63.70189;20.08761;171
Stavre;Stv;6966250;515892;62.82608;15.31189;223
Långträsk;Ltk;7261010;747854;65.37732;20.33634;124
Göteborg Kville;Gk;6402257;320199;57.7264;11.98055;601
Rynge;Rye;6147780;415958;55.46894;13.6706;961
Stensundberget;Set;7328924;882136;65.85125;23.39086;133
Vedevåg;Vdv;6598395;515964;59.52364;15.28217;391
Trödje;Tdj;6744114;619620;60.81435;17.19913;235
Marielund;xMln;6570211;624672;59.25248;17.18629;001
Mockfjärd;Mfj;6706725;497857;60.49665;14.961;376
Örnsköldsviks central;Ök;7023097;685733;63.28847;18.70494;171
Meselefors;Mlf;7147631;587440;64.443;16.81669;165
Isätra;Ist;6645755;597459;59.93768;16.74413;431
Högbysjön;Hög;7026342;694833;63.3127;18.88989;171
Storsund;Sts;7284505;759098;65.57839;20.62208;124
Landeryd;Lrd;6327265;394855;57.07675;13.26548;733
Åstorp;Åp;6222850;372502;56.13365;12.94845;933
Harmånger;Håg;6865514;619197;61.90352;17.2689;235
Broddbo;Bdo;6650879;582687;59.98691;16.48193;441
Sjöbygget;xSöy;6569471;628310;59.24475;17.24959;001
Malmby;Mby;6580147;616785;59.3439;17.05346;451
Nyhem;Ny;6973692;531180;62.89188;15.61331;211
Lästringe;Lre;6528482;634171;58.87514;17.32722;421
Göringen;Grn;6788030;520035;61.22611;15.37309;251
Edsvalla;El;6589949;398621;59.43586;13.21264;637
Slagnäs;Sgä;7277411;645597;65.58592;18.15789;164
Mobodarne;Mb;6795250;592311;61.28052;16.7221;242
Mora kommuns industrispår;Mrai;6762338;475174;60.99518;14.54105;361
Brunflo;Bf;6994070;491538;63.07602;14.83251;223
Rättvik;Rv;6749959;506276;60.88478;15.11561;331
Oslättfors;Osl;6739136;607779;60.77307;16.97884;243
Åmyran;Åmy;6875155;618248;61.99029;17.25724;235
Storfors;Sf;6599628;458800;59.53298;14.27159;364
Ombenning;Omb;6649648;551754;59.98091;15.92735;313
Vaggeryd;Vgd;6373169;448785;57.49821;14.14546;732
Söråkers södra;Sårs;6937818;625490;62.54993;17.4404;233
Mellansel;Msl;7037562;664982;63.42823;18.30675;130
Mon;Mon;6534425;313743;58.90902;11.76579;636
Rävlanda;Rd;6392988;350848;57.65444;12.50037;641
Morastrand;Mras;6763403;475260;61.00475;14.54251;331
Selknä;xSlä;6638893;662918;59.85547;17.90879;001
Gammelstad;Gst;7297658;823227;65.63793;22.0339;119
Kallholsfors;Klh;6781468;484089;61.16738;14.70426;265
Nattavaara;Ntv;7416474;761733;66.75413;20.95013;117
Ystad;Y;6142980;425632;55.42738;13.82488;961
Stormyran;Som;7028997;622382;63.36861;17.44746;130
Södra utmarken;Söt;6234445;366329;56.23606;12.84338;920
Vallvik;Vv;6786188;614456;61.19335;17.1294;235
Norrfors;Nrs;7077439;697096;63.76893;18.99861;129
Solbacka;Slbk;6932382;621267;62.5026;17.35451;233
Holsbybrunn;Hbr;6365082;511773;57.42831;15.19606;872
Bäckefors;Bäf;6521742;335903;58.8043;12.15933;636
Kvicksund;Ksu;6591795;574233;59.45811;16.30956;493
Grängesbergs malmbangård;Ggm;6658505;498987;60.0637;14.9818;391
Spannarboda;Sba;6604320;528670;59.57615;15.50753;313
Berga;Bg;6341965;562422;57.21655;16.03359;832
Varjisträsk;Vaj;7332292;705094;66.04456;19.52988;161
Lycksele industrispår;Lsp;7167873;677054;64.58951;18.69957;152
Storbergets industrispår;Sti;7126379;570327;64.25632;16.45122;165
Runemo;Rum;6803099;560589;61.35718;16.13302;251
Getå;Gtå;6503618;573287;58.66659;16.26347;421
Finja;Fin;6225729;419002;56.16967;13.69553;932
Abborrträsk;Abb;7265313;704468;65.44586;19.41242;151
Ställdalen;Stl;6644128;496752;59.93459;14.94189;325
Östervik;xÖsv;6577361;684236;59.29487;18.23528;473
VME;Vme;6586124;582082;59.40574;16.44582;452
Hämrasviken;Häb;7014176;652787;63.22407;18.04054;175
Stenungsund;Snu;6441203;312720;58.07263;11.82448;625
Vojmån;Vjm;7186496;586319;64.79186;16.81655;165
Marsvinsholm;Mrh;6147245;417417;55.46439;13.69384;961
Fredriksdal;Fdl;6386120;475858;57.61679;14.59587;732
Bodaborg;Bog;6926088;570983;62.45915;16.37605;224
Blattnicksele;Bnk;7249339;620530;65.34462;17.58992;164
Sandsjönäs;Sdnä;7238175;624437;65.2431;17.66364;164
Almvik;Avk;6410621;587081;57.82904;16.46631;845
Hackås;Hks;6977268;475738;62.92451;14.52224;264
Abisko turiststation;Akt;7587485;655634;68.35735;18.78328;111
Uddevalla östra;Uö;6471776;321230;58.35035;11.94506;624
Prästmon;Pm;6997456;639106;63.07974;17.75442;232
Vittsjö;Vsj;6244979;417358;56.34229;13.66303;931
Fästad;Fad;6423291;581348;57.9439;16.37414;845
Buresjön;Bur;7273140;631638;65.55363;17.85141;164
Källby;Kll;6486799;401063;58.51051;13.30185;552
Råbäck;Rbk;6497834;405686;58.6106;13.37659;552
Trolmen;Trm;6496105;403968;58.5947;13.34776;552
Blomberg;Bmb;6490066;402233;58.5401;13.32052;552
Filsbäck;Fiä;6484951;397821;58.49316;13.24707;552
Hällekis;Hlk;6499921;408991;58.63004;13.43262;552
Ljusne;Lse;6788292;613444;61.21252;17.11187;235
Husum;Hum;7030696;707946;63.34429;19.15652;171
Ljungaverk;Ljv;6929843;554996;62.49557;16.06742;224
Astrid Lindgrens värld;Alv;6392575;550107;57.67263;15.84006;841
Överby;Övb;6528669;284229;58.84362;11.26005;621
Bestorp;Bsp;6455194;542969;58.23578;15.73177;841
Brokind;Brk;6453424;540194;58.22015;15.68421;841
Rimforsa brygga;Rfb;6444606;540815;58.14089;15.69324;841
Opphem;Oph;6445282;542782;58.14677;15.72677;841
Gärdala;Gäd;6448572;542045;58.17639;15.71484;841
Lerot;Lrt;6635039;352165;59.82657;12.36289;631
Ås;Ås;6638515;351154;59.85739;12.3424;631
Oleby;Ol;6667505;391025;60.12999;13.03836;661
Badabruk;Bdb;6659848;394026;60.06205;13.09632;661
Smedby;Sdy;6282168;575577;56.6775;16.2335;824
Hok;Hok;6374848;456558;57.51411;14.27484;732
Sörtjärn;Srn;6912413;480829;62.3427;14.62981;264
Överhogdal;Öhl;6905158;489498;62.27792;14.79765;264
Avesta centrum;Acm;6668392;564992;60.1473;16.17045;333
Friluftsgården;Flgd;6537808;341909;58.95067;12.25175;662
Rörstorp;Röp;6336952;443415;57.17228;14.06418;720
Hörnefors;Höf;7065471;743231;63.63301;19.91217;171
Kaitum;Ktm;7500814;717335;67.54253;20.10311;113
Dorotea Campingplats;Dtc;7126334;567408;64.2565;16.39099;165
Låktatjåkka;Låk;7593782;636393;68.42367;18.32483;111
Badsta;Bad;6601220;459945;59.54739;14.29153;364
Lene;Len;6602145;393749;59.54412;13.12072;631
Öjervik;Öjr;6627747;394601;59.77411;13.12298;661
Västra Ämtervik;Vät;6622534;395808;59.72763;13.14706;661
Ängelsbergs bruk;Äbgb;6648174;556256;59.96708;16.00759;344
Korpklev;Kpkv;6421252;536716;57.9315;15.61998;841
Verveln;Vrn;6417099;536127;57.89424;15.6094;841
Björkhult;Bök;6412047;539432;57.84859;15.66431;841
Taberg;Tag;6393306;445553;57.6787;14.08701;731
Hovslätt;Hvs;6399537;447840;57.73493;14.12401;731
Norrahammar;Nhr;6396147;447308;57.70442;14.11582;731
Loka;Loka;6611039;470057;59.63641;14.46898;326
Grythyttan;Ghy;6618603;473560;59.70456;14.53016;326
Österäng;Öäg;6500203;416384;58.63406;13.55978;552
Äskekärr;Äsr;6499252;419219;58.62606;13.60893;552
Oxie;Ox;6156714;379883;55.54165;13.09639;961
Riksgränsen;Rgn;7593758;627885;68.42744;18.11779;111
Katterjåkk;Kjå;7593038;629690;68.42016;18.16083;111
Edsbjörke;Ebk;6641831;397687;59.90129;13.171;661
Ingmår;Imr;6639336;397854;59.87894;13.1752;661
Ivarsbjörke;Ibe;6648395;396362;59.95987;13.14403;661
Vilhelmina norra;Vman;7170031;577090;64.64642;16.6136;165
Malungs folkhögskola;Mlgf;6726506;430892;60.66829;13.73536;376
Äppelbo;Äp;6706501;445084;60.49091;14.00058;376
Yttermalung;Ym;6716575;435563;60.57992;13.82407;376
Malungs gymnasium;Mlgg;6727952;430017;60.68112;13.71885;376
Lillhamra;Lhr;6834272;489184;61.6416;14.7959;265
Horndals bruk;Hlr;6685226;578130;60.29611;16.41345;312
Kinnared;Kid;6321792;385095;57.02527;13.10707;733
Basthagen;Bth;6452005;557255;58.20551;15.97423;845
Buterud;But;6526602;350030;58.85305;12.40031;662
Fritsla;Frl;6381651;367771;57.55796;12.7899;656
Kinna;Kin;6376032;362068;57.50583;12.69785;656
Assberg;Asb;6374835;360298;57.49454;12.66902;656
Häggenås;Hgs;7028574;493997;63.38574;14.8799;261
Tolita;Tlt;6605715;400591;59.57784;13.24001;661
Trångstad;Tgs;6603123;401558;59.55481;13.25832;661
Frykåsen;Frå;6611218;397614;59.62652;13.18467;661
Berghem;Bgm;6371949;355978;57.46729;12.59872;656
Björketorp;Bjo;6367672;351301;57.4274;12.52341;656
Brunsberg;Buk;6610596;384993;59.61765;12.96139;631
Övergård;Ögd;7005908;616741;63.16345;17.31809;232
Högsby;Höy;6336340;562124;57.16607;16.02726;875
Furulund;Fud;6182683;380641;55.77505;13.09712;925
Auktsjaur;Auk;7297813;701337;65.73857;19.39399;161
Marieholm;Mar;6192553;384748;55.86469;13.15837;935
Djurås;Då;6713796;507602;60.56007;15.13864;331
Skållerud;Skru;6518526;350779;58.78085;12.41868;662
Blidstena;Bda;6433904;581265;58.03921;16.37639;845
Storsjö;Soö;6436002;580578;58.05818;16.36547;845
Hällevadsholm;Hlv;6498485;298583;58.57999;11.53531;621
Sturefors;Suf;6465971;542853;58.33258;15.73178;843
Vad;Vad;6655191;535740;60.03239;15.6414;340
Mollaryd;Moy;6419995;382827;57.90634;13.02267;654
Torpåkra;Top;6423815;383345;57.94076;13.02954;654
Tjunnaryd;Tj;6373547;498521;57.5045;14.97532;829
Stensjön;Snö;6382248;489455;57.58254;14.82366;829
Björköby;Bjy;6375391;494640;57.52104;14.91051;829
Piteälvsbron;Päb;7325399;697846;65.98752;19.35982;161
Tandsbyn;Tby;6985475;487037;62.99874;14.7441;264
Målilla;Måa;6361112;549592;57.3901;15.82503;832
Tannefors;Tn;6473478;538591;58.40039;15.66027;843
Geografiska polcirkeln;Gpc;7390168;717928;66.55335;19.91229;161
Smedstorp;Smp;6156303;444326;55.54956;14.11756;969
Lunnarp;Lup;6155423;439554;55.54109;14.04212;969
Vännäsby;Vby;7096492;736172;63.91523;19.8174;146
Sikfors;Sif;6629998;476652;59.80707;14.58382;327
Kristianstads central;Cr;6209977;447080;56.03209;14.15077;942
Uddevalla central;Uv;6472255;319980;58.35414;11.92336;651
Flens övre;Fsö;6548002;591459;59.06159;16.59485;494
Nyboda;Nba;6577351;672021;59.29993;18.02113;406
Liljeholmen;Lm;6578360;672274;59.30887;18.02637;406
Köpingebro;Köp;6146053;432504;55.45599;13.93269;969
Fagersta Norra;Fgn;6651977;543901;60.00274;15.78715;313
Jamtli;Jli;7006446;481462;63.18671;14.63166;261
Aitik;Aik;7451254;750452;67.074;20.7683;117
Brinellskolan;Brin;6391945;482141;57.66941;14.70062;817
Kiruna malmbangård;Kmb;7537354;718380;67.86818;20.19939;112
Ångebyn;Ågy;6933660;531406;62.53257;15.61029;212
Oxmyran;Oxm;7078698;708797;63.77344;19.23692;129
Burlöv;Blv;6167740;379105;55.64048;13.07925;901
Nolby;Nly;6908618;623257;62.28882;17.37616;235
Norrviken;Nvk;6594847;665719;59.45936;17.92411;433
Spånga;Spå;6586411;664565;59.38416;17.89731;445
Jakobsberg;Jkb;6590666;660735;59.4238;17.83315;445
Rotebro;R;6596607;665142;59.47537;17.9153;433
Häggvik;Hgv;6593057;666324;59.44307;17.93337;433
Kallhäll;Khä;6593764;659171;59.45218;17.80794;445
Upplands Väsby;Upv;6601582;664010;59.52043;17.89918;433
Skavstaby;Skby;6604928;663667;59.55057;17.89569;433
Helenelund;Hel;6589288;668156;59.40854;17.96267;433
Sollentuna;Sol;6591411;667289;59.42792;17.94908;433
Barkarby;Bkb;6588688;662546;59.40536;17.86353;445
